timestamp,user,ip_address,action,status,location,risk_score
2026-02-07 16:08:19,Wambui Otieno,41.89.59.254,STATEMENT,SUCCESS,Kayole Nairobi,18
2026-02-05 13:54:42,Kipchoge Mugo,41.204.34.232,LOGIN,SUCCESS,Machakos,1
2026-02-05 09:54:43,Wairimu Gitau,197.136.77.67,TRANSFER,SUCCESS,Nakuru Town,0
2026-03-02 18:35:32,Moraa Wekesa,41.89.32.235,VIEW_BALANCE,SUCCESS,Westlands Nairobi,4
2026-02-19 08:07:45,Njeri Maina,197.136.29.88,TRANSFER,SUCCESS,Eldoret Town,1
2026-01-12 09:36:22,Ochieng Onyango,41.89.228.200,VIEW_BALANCE,SUCCESS,Westlands Nairobi,18
2026-02-03 08:28:01,Akinyi Waweru,41.204.23.59,STATEMENT,SUCCESS,Westlands Nairobi,6
2026-02-01 17:08:22,Nyambura Otieno,41.204.251.235,VIEW_BALANCE,SUCCESS,Nakuru Town,7
2026-02-06 16:58:15,Akinyi Kimani,196.201.226.22,VIEW_BALANCE,SUCCESS,Malindi,3
2026-01-08 12:12:13,Gitau Maina,41.89.69.254,TRANSFER,SUCCESS,Kisumu CBD,19
2026-02-06 13:44:02,Njeri Kiprotich,41.204.211.160,STATEMENT,SUCCESS,Kakamega,24
2026-02-23 12:57:18,Wambui Rotich,41.89.79.159,LOGIN,SUCCESS,Mombasa CBD,17
2026-02-17 15:33:06,Gitau Juma,41.89.205.19,TRANSFER,SUCCESS,Eldoret Town,5
2026-03-08 11:02:33,Wairimu Mwangi,41.204.214.160,LOGIN,SUCCESS,Westlands Nairobi,28
2026-02-13 18:50:55,Mutua Waweru,196.201.160.179,VIEW_BALANCE,SUCCESS,Thika Town,0
2026-03-10 18:05:53,Mutua Juma,41.204.51.11,VIEW_BALANCE,SUCCESS,Nyeri Town,17
2026-01-20 10:19:14,Chebet Ochieng,41.89.9.51,VIEW_BALANCE,SUCCESS,Kibera Nairobi,23
2026-03-27 17:39:41,Wanjiku Kipchoge,196.201.200.205,TRANSFER,SUCCESS,Kasarani Nairobi,5
2026-03-05 16:52:48,Kariuki Otieno,41.204.104.53,STATEMENT,SUCCESS,Eldoret Town,26
2026-03-17 17:53:27,Gitau Juma,41.204.114.163,TRANSFER,SUCCESS,Meru Town,13
2026-01-19 12:11:57,Akinyi Mugo,196.201.199.214,STATEMENT,SUCCESS,Malindi,27
2026-02-16 17:53:56,Wanjiku Macharia,41.89.97.32,VIEW_BALANCE,SUCCESS,Nakuru Town,25
2026-02-22 10:55:11,Nyambura Maina,41.89.87.207,TRANSFER,SUCCESS,Kisumu CBD,21
2026-02-02 16:07:02,Mutua Waweru,197.136.45.78,VIEW_BALANCE,SUCCESS,Westlands Nairobi,20
2026-02-28 11:47:36,Mwangi Gathoni,41.204.109.181,TRANSFER,SUCCESS,Thika Town,13
2026-02-20 12:16:57,Nafula Onyango,196.201.78.245,TRANSFER,SUCCESS,Nyeri Town,18
2026-02-04 14:07:57,Kipchoge Kamau,41.89.202.202,TRANSFER,SUCCESS,Nakuru Town,27
2026-02-15 18:10:46,Kariuki Macharia,196.201.189.20,TRANSFER,SUCCESS,Kakamega,9
2026-03-22 08:56:44,Wairimu Mwangi,197.136.41.157,STATEMENT,SUCCESS,Kisumu CBD,2
2026-03-14 09:19:19,Mwangi Rotich,41.89.35.94,TRANSFER,SUCCESS,Mombasa CBD,18
2026-03-08 16:11:33,Ochieng Njoroge,41.204.219.107,LOGIN,SUCCESS,Machakos,4
2026-01-11 11:32:39,Nafula Kariuki,41.89.211.68,LOGIN,SUCCESS,Thika Town,1
2026-03-14 17:45:09,Kipchoge Juma,196.201.36.178,TRANSFER,SUCCESS,Kisumu CBD,0
2026-02-09 08:17:59,Nafula Ochieng,41.204.154.43,LOGIN,SUCCESS,Thika Town,5
2026-02-10 09:03:56,Njeri Gathoni,41.204.140.48,STATEMENT,SUCCESS,Meru Town,11
2026-02-14 13:55:45,Wanjiku Gathoni,197.136.153.254,TRANSFER,SUCCESS,Kasarani Nairobi,1
2026-01-27 09:25:11,Wairimu Maina,41.89.210.230,VIEW_BALANCE,SUCCESS,Malindi,15
2026-02-26 12:23:19,Wairimu Gathoni,197.136.170.25,VIEW_BALANCE,SUCCESS,Kasarani Nairobi,30
2026-02-07 08:28:14,Chebet Kipchoge,196.201.22.234,STATEMENT,SUCCESS,Machakos,9
2026-02-15 18:26:06,Wanjiku Wekesa,41.89.192.128,LOGIN,SUCCESS,Eldoret Town,30
2026-02-06 14:10:00,Otieno Gathoni,197.136.249.120,LOGIN,SUCCESS,Kibera Nairobi,28
2026-01-28 09:08:52,Wanjiku Kipchoge,197.136.57.144,LOGIN,SUCCESS,Kibera Nairobi,26
2026-01-01 13:50:56,Nafula Rotich,41.204.248.147,VIEW_BALANCE,SUCCESS,Westlands Nairobi,16
2026-01-02 18:00:28,Wambui Kipchoge,41.204.81.24,TRANSFER,SUCCESS,Malindi,15
2026-02-25 12:15:10,Kamau Mugo,41.204.234.125,LOGIN,SUCCESS,Nakuru Town,12
2026-02-05 18:58:15,Moraa Gitau,41.204.221.254,VIEW_BALANCE,SUCCESS,Kisumu CBD,19
2026-01-27 09:39:20,Moraa Kimani,196.201.101.107,LOGIN,SUCCESS,Kibera Nairobi,23
2026-03-22 17:43:37,Omondi Mugo,196.201.99.174,TRANSFER,SUCCESS,Kibera Nairobi,14
2026-02-10 09:03:08,Moraa Mugo,41.204.99.210,LOGIN,SUCCESS,Meru Town,27
2026-01-03 17:51:19,Otieno Kamau,197.136.232.79,LOGIN,SUCCESS,Thika Town,23
2026-02-26 14:23:41,Wairimu Juma,41.204.205.1,STATEMENT,SUCCESS,Nyeri Town,4
2026-02-23 10:32:29,Wambui Macharia,196.201.94.121,LOGIN,SUCCESS,Kasarani Nairobi,17
2026-03-09 08:12:52,Adhiambo Waweru,41.89.114.159,TRANSFER,SUCCESS,Kitale,10
2026-03-15 15:28:45,Wairimu Njoroge,41.89.205.26,LOGIN,SUCCESS,Kasarani Nairobi,5
2026-02-24 11:13:05,Wambui Kiprotich,196.201.126.128,TRANSFER,SUCCESS,Kisumu CBD,9
2026-03-28 18:31:14,Moraa Maina,196.201.67.57,STATEMENT,SUCCESS,Westlands Nairobi,18
2026-01-26 16:19:07,Nyambura Gitau,41.204.226.139,TRANSFER,SUCCESS,Kakamega,28
2026-01-04 09:10:04,Chebet Kiprotich,197.136.231.186,STATEMENT,SUCCESS,Kasarani Nairobi,19
2026-02-10 13:12:04,Mutua Mugo,196.201.53.93,VIEW_BALANCE,SUCCESS,Kakamega,4
2026-02-04 09:38:56,Omondi Mutua,197.136.101.78,TRANSFER,SUCCESS,Eldoret Town,28
2026-01-09 15:47:32,Moraa Kariuki,41.89.160.37,STATEMENT,SUCCESS,Kayole Nairobi,28
2026-02-13 17:20:22,Akinyi Wekesa,41.89.135.98,TRANSFER,SUCCESS,Eldoret Town,0
2026-01-24 10:31:20,Adhiambo Mwangi,197.136.216.171,STATEMENT,SUCCESS,Malindi,27
2026-02-24 11:48:40,Kamau Kiprotich,196.201.215.63,TRANSFER,SUCCESS,Kasarani Nairobi,8
2026-01-05 08:42:22,Moraa Macharia,41.204.138.39,TRANSFER,SUCCESS,Kayole Nairobi,4
2026-01-23 08:21:11,Wanjiku Mugo,197.136.55.8,VIEW_BALANCE,SUCCESS,Machakos,28
2026-02-14 17:34:34,Kimani Gitau,196.201.58.107,LOGIN,SUCCESS,Kayole Nairobi,19
2026-01-01 17:55:45,Njeri Ochieng,197.136.106.57,TRANSFER,SUCCESS,Kibera Nairobi,24
2026-03-27 08:35:49,Njeri Mwangi,41.89.133.194,STATEMENT,SUCCESS,Kitale,25
2026-03-02 08:24:45,Wanjiku Mutua,196.201.169.52,LOGIN,SUCCESS,Nyeri Town,19
2026-02-20 14:09:23,Akinyi Ochieng,197.136.252.138,STATEMENT,SUCCESS,Kayole Nairobi,10
2026-03-22 12:03:12,Njeri Mugo,41.204.52.179,STATEMENT,SUCCESS,Kitale,14
2026-02-14 17:26:36,Chebet Juma,41.89.66.48,TRANSFER,SUCCESS,Kakamega,6
2026-01-08 17:06:07,Wanjiku Wekesa,41.204.165.135,VIEW_BALANCE,SUCCESS,Westlands Nairobi,26
2026-02-04 14:57:44,Wambui Macharia,41.89.99.16,TRANSFER,SUCCESS,Kitale,8
2026-03-10 09:39:32,Akinyi Mugo,196.201.235.209,STATEMENT,SUCCESS,Mombasa CBD,8
2026-03-21 15:06:11,Mutua Mwangi,41.204.37.1,LOGIN,SUCCESS,Eldoret Town,3
2026-03-23 11:12:04,Omondi Maina,197.136.134.50,VIEW_BALANCE,SUCCESS,Kasarani Nairobi,24
2026-02-19 13:50:17,Nyambura Otieno,41.89.37.83,TRANSFER,SUCCESS,Thika Town,26
2026-03-18 16:40:46,Moraa Kiprotich,196.201.188.102,STATEMENT,SUCCESS,Nyeri Town,10
2026-03-12 17:21:01,Gitau Rotich,41.204.70.235,TRANSFER,SUCCESS,Meru Town,27
2026-03-22 14:47:45,Wambui Kimani,41.204.164.85,LOGIN,SUCCESS,Meru Town,14
2026-03-23 15:57:17,Kariuki Njoroge,196.201.2.212,TRANSFER,SUCCESS,Kayole Nairobi,22
2026-03-22 16:09:58,Adhiambo Kipchoge,41.204.5.62,LOGIN,SUCCESS,Kakamega,8
2026-02-13 10:14:38,Adhiambo Gathoni,196.201.221.245,LOGIN,SUCCESS,Machakos,16
2026-01-23 15:24:26,Otieno Kamau,41.204.216.168,TRANSFER,SUCCESS,Kisumu CBD,8
2026-01-28 17:57:31,Otieno Kipchoge,197.136.72.176,TRANSFER,SUCCESS,Kibera Nairobi,29
2026-01-05 09:33:08,Ochieng Maina,41.204.155.16,VIEW_BALANCE,SUCCESS,Thika Town,10
2026-01-19 16:30:05,Omondi Kariuki,196.201.146.170,LOGIN,SUCCESS,Mombasa CBD,17
2026-02-19 13:01:52,Gitau Kariuki,196.201.111.204,TRANSFER,SUCCESS,Kitale,30
2026-03-17 11:50:09,Kimani Macharia,41.204.48.1,TRANSFER,SUCCESS,Eldoret Town,0
2026-02-09 16:01:22,Adhiambo Onyango,196.201.197.222,TRANSFER,SUCCESS,Mombasa CBD,25
2026-03-01 13:33:11,Otieno Gitau,196.201.195.200,VIEW_BALANCE,SUCCESS,Kitale,16
2026-03-17 17:42:37,Kimani Mugo,197.136.11.167,STATEMENT,SUCCESS,Thika Town,5
2026-03-17 17:56:54,Akinyi Onyango,41.204.97.94,VIEW_BALANCE,SUCCESS,Kayole Nairobi,1
2026-02-10 13:52:15,Otieno Juma,196.201.111.174,STATEMENT,SUCCESS,Meru Town,16
2026-01-01 08:23:01,Otieno Kipchoge,197.136.174.116,TRANSFER,SUCCESS,Machakos,12
2026-02-10 14:48:31,Gitau Onyango,197.136.113.129,VIEW_BALANCE,SUCCESS,Eldoret Town,13
2026-03-22 12:05:52,Moraa Njoroge,197.136.214.201,LOGIN,SUCCESS,Kasarani Nairobi,24
2026-03-04 11:07:21,Wairimu Kamau,41.89.19.6,LOGIN,SUCCESS,Westlands Nairobi,16
2026-02-24 15:44:31,Ochieng Kimani,41.89.191.74,STATEMENT,SUCCESS,Kitale,9
2026-02-06 10:47:51,Ochieng Mwangi,197.136.17.204,VIEW_BALANCE,SUCCESS,Westlands Nairobi,30
2026-02-15 11:12:52,Chebet Kimani,41.204.228.57,STATEMENT,SUCCESS,Kakamega,5
2026-01-21 13:13:06,Chebet Onyango,197.136.48.135,VIEW_BALANCE,SUCCESS,Malindi,30
2026-02-18 14:58:19,Mutua Otieno,196.201.21.169,STATEMENT,SUCCESS,Eldoret Town,14
2026-03-11 10:40:48,Kamau Maina,41.89.241.184,STATEMENT,SUCCESS,Kitale,28
2026-03-11 08:30:12,Moraa Ochieng,41.204.85.184,VIEW_BALANCE,SUCCESS,Kayole Nairobi,7
2026-03-21 09:51:27,Otieno Ochieng,41.204.96.222,STATEMENT,SUCCESS,Kibera Nairobi,10
2026-01-09 16:54:44,Nafula Gitau,41.204.9.67,STATEMENT,SUCCESS,Nakuru Town,4
2026-02-09 13:16:24,Nyambura Kamau,41.89.132.179,LOGIN,SUCCESS,Mombasa CBD,25
2026-01-24 08:35:58,Adhiambo Waweru,196.201.70.74,TRANSFER,SUCCESS,Mombasa CBD,0
2026-01-22 13:00:02,Kimani Kimani,41.89.233.50,TRANSFER,SUCCESS,Kitale,24
2026-03-01 17:58:59,Gitau Gitau,196.201.252.250,VIEW_BALANCE,SUCCESS,Eldoret Town,10
2026-02-15 11:43:33,Kamau Njoroge,41.204.135.112,LOGIN,SUCCESS,Kayole Nairobi,0
2026-01-01 18:41:58,Wairimu Macharia,197.136.241.143,VIEW_BALANCE,SUCCESS,Kakamega,0
2026-02-07 10:27:52,Kariuki Onyango,41.204.121.130,STATEMENT,SUCCESS,Thika Town,15
2026-03-03 09:03:28,Nyambura Rotich,41.89.22.117,VIEW_BALANCE,SUCCESS,Nakuru Town,8
2026-02-06 08:36:32,Nafula Maina,41.204.234.9,LOGIN,SUCCESS,Eldoret Town,13
2026-01-04 15:53:07,Adhiambo Kamau,41.89.208.49,TRANSFER,SUCCESS,Meru Town,27
2026-01-02 11:20:47,Ochieng Njoroge,41.204.215.177,VIEW_BALANCE,SUCCESS,Eldoret Town,26
2026-02-08 14:00:10,Ochieng Onyango,41.89.139.104,LOGIN,SUCCESS,Kitale,29
2026-01-08 08:05:15,Kariuki Mugo,41.204.57.221,LOGIN,SUCCESS,Nyeri Town,9
2026-02-19 11:06:58,Otieno Mutua,197.136.137.20,LOGIN,SUCCESS,Nakuru Town,18
2026-01-21 16:07:32,Kamau Rotich,41.89.163.207,LOGIN,SUCCESS,Nakuru Town,4
2026-01-03 15:45:12,Akinyi Njoroge,41.204.79.210,STATEMENT,SUCCESS,Thika Town,27
2026-03-14 18:33:40,Adhiambo Mutua,41.89.181.12,VIEW_BALANCE,SUCCESS,Kakamega,27
2026-02-19 08:54:33,Nyambura Mwangi,197.136.129.74,VIEW_BALANCE,SUCCESS,Kayole Nairobi,12
2026-03-04 16:17:48,Moraa Gitau,196.201.29.244,LOGIN,SUCCESS,Thika Town,20
2026-03-02 13:02:20,Mwangi Ochieng,197.136.86.224,LOGIN,SUCCESS,Westlands Nairobi,0
2026-03-21 12:55:50,Kamau Otieno,41.89.10.235,TRANSFER,SUCCESS,Thika Town,8
2026-02-21 12:53:33,Wambui Mugo,41.89.106.36,TRANSFER,SUCCESS,Nyeri Town,7
2026-03-27 18:08:18,Wanjiku Mutua,196.201.206.95,TRANSFER,SUCCESS,Malindi,18
2026-02-01 14:39:45,Wairimu Juma,41.89.207.177,LOGIN,SUCCESS,Kasarani Nairobi,2
2026-02-20 17:03:29,Nafula Mutua,197.136.158.78,STATEMENT,SUCCESS,Malindi,8
2026-03-20 17:19:05,Kariuki Kipchoge,41.204.59.213,LOGIN,SUCCESS,Nakuru Town,29
2026-01-14 18:27:50,Njeri Gathoni,41.204.82.165,VIEW_BALANCE,SUCCESS,Kakamega,5
2026-03-25 11:06:58,Otieno Njoroge,41.204.146.123,LOGIN,SUCCESS,Kisumu CBD,0
2026-03-05 14:58:35,Wanjiku Otieno,41.89.109.17,LOGIN,SUCCESS,Westlands Nairobi,14
2026-03-09 18:10:30,Njeri Kariuki,41.89.10.5,TRANSFER,SUCCESS,Meru Town,9
2026-01-24 09:26:28,Chebet Juma,41.204.24.84,TRANSFER,SUCCESS,Machakos,18
2026-03-15 08:42:16,Adhiambo Mugo,197.136.146.80,TRANSFER,SUCCESS,Nakuru Town,4
2026-02-11 11:50:27,Kipchoge Ochieng,41.89.3.236,STATEMENT,SUCCESS,Westlands Nairobi,29
2026-01-21 09:09:27,Njeri Mugo,41.204.124.226,TRANSFER,SUCCESS,Malindi,17
2026-02-23 11:58:15,Nyambura Otieno,196.201.51.179,VIEW_BALANCE,SUCCESS,Malindi,23
2026-03-13 08:38:11,Kipchoge Wekesa,197.136.65.152,LOGIN,SUCCESS,Kitale,3
2026-01-09 16:59:21,Kariuki Rotich,197.136.28.64,STATEMENT,SUCCESS,Thika Town,30
2026-03-08 10:17:48,Chebet Rotich,196.201.105.12,VIEW_BALANCE,SUCCESS,Kasarani Nairobi,18
2026-02-11 14:43:14,Kimani Onyango,41.204.151.13,VIEW_BALANCE,SUCCESS,Kitale,20
2026-02-09 14:04:52,Kariuki Kiprotich,196.201.167.120,LOGIN,SUCCESS,Nyeri Town,19
2026-03-07 13:53:49,Nyambura Waweru,41.204.236.250,TRANSFER,SUCCESS,Westlands Nairobi,14
2026-01-28 17:58:02,Omondi Mutua,41.89.133.190,STATEMENT,SUCCESS,Kakamega,13
2026-01-12 12:07:28,Mwangi Kariuki,41.204.119.5,VIEW_BALANCE,SUCCESS,Kakamega,5
2026-03-24 15:21:19,Gitau Macharia,196.201.14.217,VIEW_BALANCE,SUCCESS,Machakos,30
2026-01-22 14:40:04,Nafula Maina,197.136.97.193,LOGIN,SUCCESS,Mombasa CBD,27
2026-02-23 16:44:06,Nyambura Kariuki,197.136.131.200,TRANSFER,SUCCESS,Kasarani Nairobi,19
2026-02-19 15:27:35,Wairimu Kiprotich,197.136.48.232,VIEW_BALANCE,SUCCESS,Kakamega,27
2026-01-28 18:04:38,Mwangi Gitau,197.136.44.15,LOGIN,SUCCESS,Thika Town,10
2026-03-23 08:46:00,Ochieng Mugo,41.204.217.148,VIEW_BALANCE,SUCCESS,Kakamega,12
2026-02-23 12:44:14,Mwangi Juma,196.201.228.129,VIEW_BALANCE,SUCCESS,Kibera Nairobi,11
2026-03-23 16:49:03,Kimani Maina,197.136.226.6,LOGIN,SUCCESS,Westlands Nairobi,27
2026-01-23 08:43:44,Kipchoge Kipchoge,41.89.233.33,TRANSFER,SUCCESS,Thika Town,6
2026-01-21 14:01:36,Adhiambo Kariuki,41.89.194.25,LOGIN,SUCCESS,Kasarani Nairobi,3
2026-03-19 10:22:16,Mwangi Waweru,41.204.61.97,VIEW_BALANCE,SUCCESS,Nakuru Town,18
2026-01-02 10:22:55,Adhiambo Mutua,41.89.100.130,TRANSFER,SUCCESS,Kitale,18
2026-03-04 08:11:06,Chebet Macharia,41.89.49.143,VIEW_BALANCE,SUCCESS,Kibera Nairobi,24
2026-02-06 14:10:51,Wanjiku Gitau,41.204.86.52,VIEW_BALANCE,SUCCESS,Kayole Nairobi,6
2026-02-28 09:40:51,Moraa Gathoni,41.204.168.14,LOGIN,SUCCESS,Kisumu CBD,9
2026-03-27 15:34:46,Kimani Mwangi,41.89.235.244,STATEMENT,SUCCESS,Eldoret Town,25
2026-02-28 08:51:46,Kimani Kimani,41.204.113.253,LOGIN,SUCCESS,Westlands Nairobi,6
2026-02-23 10:27:52,Chebet Mugo,41.89.77.90,STATEMENT,SUCCESS,Meru Town,19
2026-01-04 17:52:40,Omondi Njoroge,41.204.170.126,STATEMENT,SUCCESS,Kitale,22
2026-02-18 11:40:03,Adhiambo Kipchoge,196.201.194.49,TRANSFER,SUCCESS,Malindi,11
2026-01-07 08:27:59,Kipchoge Wekesa,196.201.240.181,STATEMENT,SUCCESS,Nakuru Town,12
2026-01-17 17:47:54,Chebet Kimani,41.89.88.23,VIEW_BALANCE,SUCCESS,Meru Town,15
2026-03-15 14:46:12,Nafula Mutua,41.89.108.52,STATEMENT,SUCCESS,Kitale,19
2026-02-01 16:12:14,Adhiambo Kipchoge,41.204.244.199,LOGIN,SUCCESS,Malindi,0
2026-03-14 09:25:13,Nyambura Wekesa,41.89.34.190,VIEW_BALANCE,SUCCESS,Thika Town,28
2026-03-15 17:07:40,Chebet Gathoni,41.204.80.47,LOGIN,SUCCESS,Nyeri Town,18
2026-02-17 16:37:59,Gitau Gitau,41.204.231.129,TRANSFER,SUCCESS,Westlands Nairobi,6
2026-01-14 18:19:57,Kimani Mwangi,41.204.32.203,VIEW_BALANCE,SUCCESS,Malindi,18
2026-01-08 16:42:46,Kipchoge Onyango,41.204.191.225,VIEW_BALANCE,SUCCESS,Kayole Nairobi,17
2026-02-26 16:13:56,Kamau Mutua,41.204.92.15,LOGIN,SUCCESS,Westlands Nairobi,28
2026-02-18 15:38:45,Nyambura Kimani,41.204.152.196,STATEMENT,SUCCESS,Kibera Nairobi,25
2026-02-14 10:46:40,Ochieng Waweru,41.89.71.95,STATEMENT,SUCCESS,Malindi,19
2026-01-07 14:03:59,Otieno Mutua,41.89.13.228,VIEW_BALANCE,SUCCESS,Kitale,29
2026-01-18 11:38:06,Chebet Maina,196.201.190.222,STATEMENT,SUCCESS,Kakamega,21
2026-02-28 08:35:44,Kipchoge Kiprotich,41.204.221.10,LOGIN,SUCCESS,Kitale,21
2026-02-03 18:24:22,Wanjiku Macharia,196.201.42.145,TRANSFER,SUCCESS,Kayole Nairobi,22
2026-03-14 14:38:26,Nafula Mwangi,196.201.61.246,LOGIN,SUCCESS,Malindi,3
2026-03-03 13:53:09,Kamau Kipchoge,197.136.101.54,VIEW_BALANCE,SUCCESS,Eldoret Town,19
2026-03-25 10:32:52,Kamau Njoroge,197.136.138.187,VIEW_BALANCE,SUCCESS,Kisumu CBD,15
2026-01-12 09:48:23,Chebet Mugo,197.136.173.251,VIEW_BALANCE,SUCCESS,Kibera Nairobi,29
2026-02-21 11:43:45,Chebet Kariuki,41.204.92.98,STATEMENT,SUCCESS,Kibera Nairobi,4
2026-03-28 16:06:32,Wanjiku Wekesa,41.89.107.148,VIEW_BALANCE,SUCCESS,Thika Town,10
2026-03-11 09:23:14,Otieno Rotich,197.136.184.223,TRANSFER,SUCCESS,Kasarani Nairobi,23
2026-01-15 18:48:08,Otieno Njoroge,41.204.166.48,STATEMENT,SUCCESS,Nakuru Town,1
2026-02-09 17:01:46,Nafula Mugo,41.89.110.200,LOGIN,SUCCESS,Westlands Nairobi,23
2026-01-26 15:10:37,Omondi Otieno,196.201.48.69,TRANSFER,SUCCESS,Mombasa CBD,12
2026-02-21 13:53:17,Otieno Onyango,197.136.93.214,TRANSFER,SUCCESS,Kakamega,26
2026-02-26 10:12:52,Omondi Maina,197.136.35.5,VIEW_BALANCE,SUCCESS,Kitale,12
2026-02-26 15:06:55,Kipchoge Kamau,41.204.193.165,TRANSFER,SUCCESS,Malindi,10
2026-01-22 12:06:37,Nyambura Wekesa,41.89.248.221,VIEW_BALANCE,SUCCESS,Mombasa CBD,9
2026-01-19 11:20:52,Omondi Gathoni,41.89.100.45,VIEW_BALANCE,SUCCESS,Thika Town,11
2026-02-07 13:08:58,Nafula Kimani,196.201.110.123,LOGIN,SUCCESS,Malindi,28
2026-02-10 12:54:18,Adhiambo Mutua,197.136.42.186,LOGIN,SUCCESS,Nakuru Town,16
2026-02-20 10:18:30,Kamau Kamau,41.204.233.69,TRANSFER,SUCCESS,Kayole Nairobi,11
2026-03-28 17:04:03,Nafula Mwangi,41.89.254.220,LOGIN,SUCCESS,Meru Town,21
2026-02-06 14:34:50,Mwangi Otieno,41.204.139.182,STATEMENT,SUCCESS,Malindi,13
2026-01-02 16:21:30,Kipchoge Mwangi,41.89.47.135,TRANSFER,SUCCESS,Kitale,12
2026-03-04 11:31:58,Gitau Kimani,41.89.220.155,TRANSFER,SUCCESS,Machakos,11
2026-01-23 09:44:16,Nafula Mugo,41.204.237.8,LOGIN,SUCCESS,Kakamega,23
2026-01-24 10:04:57,Wanjiku Onyango,197.136.160.40,STATEMENT,SUCCESS,Meru Town,24
2026-02-04 08:26:11,Wairimu Gitau,41.89.218.7,LOGIN,SUCCESS,Meru Town,24
2026-02-13 17:13:17,Kamau Rotich,196.201.114.34,STATEMENT,SUCCESS,Eldoret Town,5
2026-03-04 11:23:18,Kimani Njoroge,41.89.54.78,TRANSFER,SUCCESS,Kasarani Nairobi,29
2026-01-03 08:09:25,Kariuki Ochieng,41.89.105.9,LOGIN,SUCCESS,Nakuru Town,14
2026-02-23 13:06:49,Wambui Kariuki,197.136.26.203,VIEW_BALANCE,SUCCESS,Nyeri Town,8
2026-01-24 10:52:26,Moraa Kiprotich,41.204.89.88,VIEW_BALANCE,SUCCESS,Nyeri Town,8
2026-02-11 12:38:53,Wambui Kimani,197.136.17.138,STATEMENT,SUCCESS,Kisumu CBD,16
2026-01-14 13:30:23,Wanjiku Kiprotich,196.201.87.17,TRANSFER,SUCCESS,Malindi,25
2026-03-22 12:58:54,Wairimu Maina,41.89.12.26,TRANSFER,SUCCESS,Kisumu CBD,28
2026-02-18 16:23:25,Njeri Maina,196.201.252.254,TRANSFER,SUCCESS,Nakuru Town,8
2026-01-09 16:04:33,Wairimu Njoroge,196.201.196.141,LOGIN,SUCCESS,Eldoret Town,28
2026-02-11 14:34:44,Wambui Gitau,41.204.150.65,VIEW_BALANCE,SUCCESS,Kakamega,2
2026-03-14 11:45:45,Nyambura Gitau,41.204.1.162,STATEMENT,SUCCESS,Eldoret Town,17
2026-03-06 14:20:14,Nafula Ochieng,41.204.190.229,STATEMENT,SUCCESS,Nakuru Town,4
2026-02-26 14:20:00,Kariuki Ochieng,41.89.193.165,LOGIN,SUCCESS,Nakuru Town,25
2026-03-08 16:34:24,Ochieng Macharia,196.201.184.144,VIEW_BALANCE,SUCCESS,Machakos,25
2026-03-11 12:58:35,Kimani Kiprotich,197.136.165.50,TRANSFER,SUCCESS,Eldoret Town,20
2026-02-18 16:10:43,Kamau Kiprotich,196.201.156.193,VIEW_BALANCE,SUCCESS,Machakos,26
2026-02-19 12:01:47,Kimani Njoroge,41.89.168.16,VIEW_BALANCE,SUCCESS,Kisumu CBD,26
2026-03-16 14:08:31,Chebet Macharia,197.136.111.197,LOGIN,SUCCESS,Malindi,28
2026-01-04 11:18:30,Wanjiku Juma,41.204.16.97,VIEW_BALANCE,SUCCESS,Thika Town,23
2026-01-06 17:00:56,Gitau Rotich,41.89.26.33,STATEMENT,SUCCESS,Machakos,17
2026-03-22 14:38:27,Adhiambo Mutua,196.201.11.229,TRANSFER,SUCCESS,Malindi,1
2026-03-10 11:01:29,Mwangi Wekesa,196.201.31.4,LOGIN,SUCCESS,Kayole Nairobi,9
2026-03-15 14:12:27,Adhiambo Mugo,41.204.187.56,LOGIN,SUCCESS,Kasarani Nairobi,28
2026-03-27 11:31:44,Chebet Gitau,196.201.168.172,VIEW_BALANCE,SUCCESS,Kakamega,11
2026-01-20 14:09:21,Adhiambo Juma,197.136.11.238,LOGIN,SUCCESS,Kibera Nairobi,11
2026-02-24 18:34:35,Nafula Waweru,196.201.143.171,STATEMENT,SUCCESS,Kasarani Nairobi,0
2026-01-23 12:01:00,Wanjiku Kariuki,41.204.114.61,LOGIN,SUCCESS,Meru Town,16
2026-03-21 08:40:33,Moraa Mugo,41.204.56.75,STATEMENT,SUCCESS,Mombasa CBD,19
2026-03-19 10:09:37,Mutua Gitau,197.136.213.189,VIEW_BALANCE,SUCCESS,Kayole Nairobi,10
2026-02-08 15:58:59,Njeri Wekesa,41.89.240.73,TRANSFER,SUCCESS,Nakuru Town,30
2026-02-13 10:29:25,Kimani Waweru,41.89.145.141,TRANSFER,SUCCESS,Kakamega,5
2026-03-05 17:33:12,Nafula Rotich,41.204.84.38,LOGIN,SUCCESS,Westlands Nairobi,17
2026-02-10 10:36:30,Adhiambo Kamau,41.89.149.230,STATEMENT,SUCCESS,Machakos,26
2026-03-09 14:20:11,Kamau Kiprotich,196.201.71.33,TRANSFER,SUCCESS,Kitale,24
2026-02-22 16:18:19,Njeri Gathoni,41.89.172.67,TRANSFER,SUCCESS,Kitale,30
2026-02-27 13:21:41,Adhiambo Juma,196.201.98.107,TRANSFER,SUCCESS,Kakamega,25
2026-02-07 18:17:11,Kariuki Kipchoge,41.204.97.150,LOGIN,SUCCESS,Nyeri Town,11
2026-02-11 15:18:55,Nafula Kariuki,196.201.41.163,LOGIN,SUCCESS,Machakos,1
2026-02-16 10:59:39,Mwangi Mwangi,197.136.45.193,STATEMENT,SUCCESS,Kisumu CBD,3
2026-02-11 12:11:32,Adhiambo Onyango,196.201.251.253,TRANSFER,SUCCESS,Nyeri Town,26
2026-03-16 13:29:13,Gitau Ochieng,41.89.250.107,LOGIN,SUCCESS,Kibera Nairobi,13
2026-02-08 14:39:04,Akinyi Mutua,196.201.148.222,VIEW_BALANCE,SUCCESS,Kibera Nairobi,18
2026-02-17 14:59:22,Mwangi Wekesa,196.201.191.53,VIEW_BALANCE,SUCCESS,Kayole Nairobi,30
2026-03-08 11:51:34,Nafula Mugo,196.201.155.80,VIEW_BALANCE,SUCCESS,Kibera Nairobi,17
2026-03-24 16:43:11,Mwangi Kiprotich,196.201.19.162,VIEW_BALANCE,SUCCESS,Kibera Nairobi,19
2026-01-19 15:42:02,Njeri Kamau,41.204.172.173,VIEW_BALANCE,SUCCESS,Mombasa CBD,10
2026-01-16 11:57:26,Kariuki Onyango,41.204.71.61,TRANSFER,SUCCESS,Kayole Nairobi,0
2026-02-16 08:24:14,Wambui Maina,41.204.211.86,LOGIN,SUCCESS,Eldoret Town,17
2026-03-20 12:16:05,Kipchoge Juma,41.89.169.85,STATEMENT,SUCCESS,Nyeri Town,9
2026-03-17 08:49:55,Omondi Maina,196.201.83.157,LOGIN,SUCCESS,Kibera Nairobi,16
2026-01-26 16:35:53,Mwangi Njoroge,196.201.68.32,TRANSFER,SUCCESS,Kitale,3
2026-03-23 13:50:30,Wambui Gitau,196.201.84.93,LOGIN,SUCCESS,Kayole Nairobi,12
2026-01-10 16:32:44,Mwangi Mwangi,196.201.241.225,LOGIN,SUCCESS,Kibera Nairobi,27
2026-03-23 18:23:55,Gitau Mugo,197.136.155.18,LOGIN,SUCCESS,Thika Town,26
2026-01-18 09:46:22,Adhiambo Otieno,41.89.236.15,VIEW_BALANCE,SUCCESS,Machakos,16
2026-02-25 13:54:33,Gitau Kipchoge,41.204.155.209,LOGIN,SUCCESS,Westlands Nairobi,11
2026-02-07 17:25:59,Nafula Waweru,197.136.206.202,LOGIN,SUCCESS,Mombasa CBD,14
2026-02-04 17:47:18,Adhiambo Otieno,196.201.44.251,LOGIN,SUCCESS,Westlands Nairobi,26
2026-01-20 10:01:47,Gitau Mutua,196.201.92.196,VIEW_BALANCE,SUCCESS,Westlands Nairobi,4
2026-02-06 16:07:59,Wanjiku Waweru,197.136.183.233,TRANSFER,SUCCESS,Westlands Nairobi,7
2026-03-07 11:42:41,Moraa Gathoni,41.89.117.166,LOGIN,SUCCESS,Mombasa CBD,20
2026-01-01 17:14:16,Mwangi Gitau,196.201.28.108,VIEW_BALANCE,SUCCESS,Kisumu CBD,21
2026-01-02 14:18:59,Akinyi Kiprotich,41.89.237.229,LOGIN,SUCCESS,Malindi,21
2026-03-21 17:21:52,Chebet Kiprotich,41.204.80.66,LOGIN,SUCCESS,Mombasa CBD,4
2026-03-05 09:20:28,Wairimu Wekesa,196.201.8.146,VIEW_BALANCE,SUCCESS,Mombasa CBD,22
2026-02-22 16:48:44,Otieno Rotich,41.89.224.119,VIEW_BALANCE,SUCCESS,Kakamega,6
2026-01-27 12:33:20,Kimani Waweru,196.201.205.253,TRANSFER,SUCCESS,Meru Town,8
2026-03-24 14:44:08,Moraa Wekesa,41.89.166.89,TRANSFER,SUCCESS,Machakos,8
2026-02-16 10:50:14,Wairimu Mugo,41.204.33.44,STATEMENT,SUCCESS,Kasarani Nairobi,16
2026-03-14 10:51:02,Akinyi Kariuki,41.204.115.78,STATEMENT,SUCCESS,Kibera Nairobi,6
2026-03-13 14:33:04,Wairimu Ochieng,41.204.171.95,VIEW_BALANCE,SUCCESS,Mombasa CBD,2
2026-03-26 14:55:37,Nafula Otieno,196.201.151.59,TRANSFER,SUCCESS,Malindi,5
2026-03-18 17:28:46,Nyambura Gitau,196.201.89.232,TRANSFER,SUCCESS,Mombasa CBD,19
2026-03-11 16:35:55,Ochieng Gitau,197.136.189.148,VIEW_BALANCE,SUCCESS,Kakamega,21
2026-01-12 12:11:00,Omondi Kariuki,196.201.200.1,TRANSFER,SUCCESS,Nakuru Town,24
2026-01-07 09:34:23,Gitau Otieno,41.204.130.112,LOGIN,SUCCESS,Kasarani Nairobi,11
2026-02-07 11:30:19,Moraa Otieno,41.89.65.26,STATEMENT,SUCCESS,Kasarani Nairobi,25
2026-02-25 08:25:12,Kimani Mutua,41.204.104.242,LOGIN,SUCCESS,Westlands Nairobi,0
2026-01-01 15:38:26,Adhiambo Kariuki,196.201.33.145,LOGIN,SUCCESS,Kayole Nairobi,29
2026-01-22 12:57:26,Ochieng Gathoni,197.136.59.132,VIEW_BALANCE,SUCCESS,Kitale,11
2026-01-25 13:02:31,Moraa Ochieng,41.89.3.39,LOGIN,SUCCESS,Kasarani Nairobi,8
2026-01-01 15:57:33,Gitau Kimani,41.204.30.160,TRANSFER,SUCCESS,Nakuru Town,18
2026-02-09 16:34:59,Kariuki Wekesa,41.204.56.218,LOGIN,SUCCESS,Thika Town,15
2026-03-21 14:02:02,Mwangi Kipchoge,41.204.166.132,LOGIN,SUCCESS,Kitale,20
2026-01-04 16:33:59,Wanjiku Kimani,41.89.110.218,VIEW_BALANCE,SUCCESS,Mombasa CBD,5
2026-03-23 10:22:22,Adhiambo Maina,196.201.68.44,STATEMENT,SUCCESS,Nyeri Town,24
2026-01-27 15:54:17,Wambui Kipchoge,197.136.165.139,VIEW_BALANCE,SUCCESS,Eldoret Town,10
2026-02-20 14:36:04,Wairimu Onyango,197.136.228.196,VIEW_BALANCE,SUCCESS,Eldoret Town,24
2026-03-17 10:27:26,Mutua Njoroge,197.136.209.227,VIEW_BALANCE,SUCCESS,Westlands Nairobi,1
2026-02-12 16:17:45,Wambui Onyango,197.136.200.166,LOGIN,SUCCESS,Nakuru Town,2
2026-01-24 15:37:34,Ochieng Mwangi,197.136.186.8,TRANSFER,SUCCESS,Mombasa CBD,3
2026-03-05 16:53:46,Nafula Macharia,41.204.203.87,STATEMENT,SUCCESS,Kitale,2
2026-02-08 18:33:53,Kariuki Gathoni,196.201.68.218,STATEMENT,SUCCESS,Malindi,6
2026-03-24 16:17:18,Chebet Gitau,41.89.126.142,STATEMENT,SUCCESS,Malindi,5
2026-03-13 10:51:56,Nyambura Mutua,41.204.91.247,TRANSFER,SUCCESS,Kayole Nairobi,15
2026-01-28 14:31:07,Kimani Waweru,196.201.177.70,LOGIN,SUCCESS,Meru Town,16
2026-02-28 09:08:19,Wairimu Kimani,41.89.203.72,TRANSFER,SUCCESS,Machakos,1
2026-03-26 08:42:21,Kimani Mutua,41.204.143.253,VIEW_BALANCE,SUCCESS,Kitale,4
2026-03-05 11:03:29,Kamau Maina,41.89.202.61,STATEMENT,SUCCESS,Malindi,26
2026-01-03 11:27:04,Gitau Kamau,197.136.116.98,VIEW_BALANCE,SUCCESS,Meru Town,0
2026-01-16 15:20:03,Omondi Onyango,196.201.205.230,TRANSFER,SUCCESS,Kasarani Nairobi,21
2026-03-16 12:13:07,Adhiambo Maina,197.136.61.103,STATEMENT,SUCCESS,Nyeri Town,26
2026-02-26 17:38:04,Nyambura Juma,41.204.178.88,LOGIN,SUCCESS,Kisumu CBD,5
2026-01-18 08:21:01,Ochieng Wekesa,41.89.80.24,LOGIN,SUCCESS,Kitale,12
2026-02-28 09:39:01,Njeri Kiprotich,41.89.40.108,VIEW_BALANCE,SUCCESS,Malindi,2
2026-01-26 18:39:47,Wambui Njoroge,41.204.36.38,LOGIN,SUCCESS,Kibera Nairobi,8
2026-03-01 12:44:58,Wairimu Juma,196.201.175.16,STATEMENT,SUCCESS,Thika Town,18
2026-01-26 15:54:15,Njeri Otieno,197.136.237.188,STATEMENT,SUCCESS,Meru Town,22
2026-02-28 18:33:54,Moraa Wekesa,41.89.119.87,TRANSFER,SUCCESS,Kibera Nairobi,19
2026-02-28 12:56:14,Adhiambo Wekesa,41.204.199.200,TRANSFER,SUCCESS,Kibera Nairobi,6
2026-01-14 18:58:41,Gitau Mugo,197.136.190.138,STATEMENT,SUCCESS,Nakuru Town,28
2026-01-26 15:31:51,Akinyi Kariuki,41.89.25.236,VIEW_BALANCE,SUCCESS,Malindi,7
2026-02-11 16:48:50,Kariuki Onyango,41.204.217.158,TRANSFER,SUCCESS,Kibera Nairobi,5
2026-02-05 18:12:14,Otieno Mugo,41.204.171.24,STATEMENT,SUCCESS,Thika Town,19
2026-01-19 14:54:05,Mwangi Kimani,196.201.203.114,VIEW_BALANCE,SUCCESS,Nyeri Town,20
2026-01-03 16:23:49,Omondi Gathoni,196.201.16.158,TRANSFER,SUCCESS,Kasarani Nairobi,26
2026-02-27 10:02:55,Mutua Wekesa,41.89.81.41,TRANSFER,SUCCESS,Kayole Nairobi,22
2026-03-15 10:51:30,Kamau Kimani,197.136.223.197,LOGIN,SUCCESS,Kitale,12
2026-03-04 16:26:28,Wairimu Wekesa,41.89.198.217,TRANSFER,SUCCESS,Kibera Nairobi,26
2026-01-25 18:05:12,Adhiambo Waweru,196.201.229.39,VIEW_BALANCE,SUCCESS,Mombasa CBD,2
2026-03-06 18:55:59,Kamau Kipchoge,196.201.238.221,LOGIN,SUCCESS,Machakos,16
2026-03-03 14:52:01,Chebet Maina,41.204.175.14,VIEW_BALANCE,SUCCESS,Kasarani Nairobi,5
2026-01-17 10:44:12,Kamau Juma,41.89.154.101,VIEW_BALANCE,SUCCESS,Kisumu CBD,25
2026-01-22 09:20:59,Mutua Gathoni,197.136.75.217,VIEW_BALANCE,SUCCESS,Kakamega,4
2026-01-15 15:25:00,Njeri Kiprotich,197.136.59.216,STATEMENT,SUCCESS,Kitale,26
2026-03-27 17:16:25,Wanjiku Mwangi,196.201.33.42,LOGIN,SUCCESS,Westlands Nairobi,28
2026-01-28 17:20:23,Kariuki Gathoni,41.89.185.20,LOGIN,SUCCESS,Eldoret Town,8
2026-02-26 08:10:28,Ochieng Juma,196.201.82.196,STATEMENT,SUCCESS,Kibera Nairobi,22
2026-02-15 14:41:57,Kamau Otieno,41.89.77.165,STATEMENT,SUCCESS,Mombasa CBD,22
2026-03-28 14:55:26,Omondi Gathoni,41.89.53.211,TRANSFER,SUCCESS,Malindi,2
2026-03-05 18:35:54,Chebet Gathoni,197.136.136.69,STATEMENT,SUCCESS,Malindi,21
2026-03-06 08:58:52,Ochieng Kimani,196.201.108.27,VIEW_BALANCE,SUCCESS,Kitale,17
2026-02-05 13:50:20,Kimani Kamau,41.204.116.99,STATEMENT,SUCCESS,Meru Town,14
2026-02-25 16:27:41,Wairimu Njoroge,41.204.96.220,LOGIN,SUCCESS,Kibera Nairobi,2
2026-03-03 10:52:32,Kipchoge Mutua,196.201.36.86,TRANSFER,SUCCESS,Nakuru Town,6
2026-02-27 11:32:48,Ochieng Kimani,41.204.2.163,VIEW_BALANCE,SUCCESS,Kisumu CBD,30
2026-01-08 18:36:39,Mwangi Waweru,197.136.145.16,LOGIN,SUCCESS,Nakuru Town,0
2026-01-21 16:11:59,Chebet Waweru,196.201.117.247,LOGIN,SUCCESS,Kakamega,21
2026-02-23 15:07:52,Kipchoge Mutua,41.89.150.25,STATEMENT,SUCCESS,Kisumu CBD,11
2026-02-06 17:49:41,Mutua Rotich,197.136.59.74,STATEMENT,SUCCESS,Nyeri Town,28
2026-01-19 15:50:17,Kimani Kamau,196.201.198.40,VIEW_BALANCE,SUCCESS,Machakos,28
2026-01-16 08:08:28,Wambui Kariuki,41.89.37.165,LOGIN,SUCCESS,Machakos,15
2026-02-21 13:54:39,Omondi Otieno,197.136.80.200,TRANSFER,SUCCESS,Malindi,19
2026-02-09 08:21:56,Gitau Waweru,196.201.187.183,LOGIN,SUCCESS,Westlands Nairobi,3
2026-02-20 09:43:33,Wairimu Mugo,197.136.177.116,VIEW_BALANCE,SUCCESS,Meru Town,19
2026-03-14 15:49:11,Ochieng Kiprotich,196.201.32.46,VIEW_BALANCE,SUCCESS,Kibera Nairobi,5
2026-03-13 14:57:09,Wairimu Macharia,41.89.68.17,LOGIN,SUCCESS,Machakos,10
2026-01-22 13:01:48,Njeri Juma,41.204.84.83,TRANSFER,SUCCESS,Kasarani Nairobi,24
2026-01-10 15:12:49,Kimani Mwangi,196.201.70.211,STATEMENT,SUCCESS,Mombasa CBD,2
2026-03-20 16:27:45,Nafula Kipchoge,197.136.191.11,STATEMENT,SUCCESS,Westlands Nairobi,15
2026-02-09 17:58:08,Mwangi Gitau,41.89.133.143,LOGIN,SUCCESS,Kakamega,1
2026-02-14 18:15:09,Wanjiku Kipchoge,196.201.245.250,TRANSFER,SUCCESS,Meru Town,5
2026-02-09 12:19:19,Kamau Kiprotich,197.136.121.70,VIEW_BALANCE,SUCCESS,Kitale,24
2026-03-08 11:38:10,Kimani Kariuki,196.201.24.169,LOGIN,SUCCESS,Machakos,29
2026-01-22 18:24:19,Wambui Mutua,197.136.93.26,LOGIN,SUCCESS,Mombasa CBD,28
2026-01-26 18:53:52,Kamau Onyango,41.89.135.133,VIEW_BALANCE,SUCCESS,Nakuru Town,16
2026-03-18 15:11:23,Gitau Njoroge,41.89.31.5,STATEMENT,SUCCESS,Westlands Nairobi,6
2026-01-14 18:02:38,Mutua Juma,41.204.231.122,TRANSFER,SUCCESS,Nyeri Town,15
2026-03-26 08:42:27,Nafula Rotich,41.204.120.92,STATEMENT,SUCCESS,Kakamega,9
2026-03-09 15:41:03,Mwangi Otieno,196.201.151.111,STATEMENT,SUCCESS,Thika Town,0
2026-01-11 18:38:29,Kariuki Onyango,41.89.83.197,STATEMENT,SUCCESS,Nyeri Town,30
2026-01-10 15:13:50,Moraa Gitau,197.136.184.242,VIEW_BALANCE,SUCCESS,Kibera Nairobi,11
2026-03-04 17:43:04,Omondi Gathoni,41.204.156.73,TRANSFER,SUCCESS,Meru Town,6
2026-01-06 10:28:15,Wanjiku Kiprotich,196.201.77.14,VIEW_BALANCE,SUCCESS,Thika Town,28
2026-02-08 18:17:47,Akinyi Gathoni,41.204.131.17,TRANSFER,SUCCESS,Kitale,23
2026-03-11 16:19:36,Njeri Mugo,196.201.54.201,VIEW_BALANCE,SUCCESS,Machakos,30
2026-01-08 08:37:29,Kipchoge Juma,197.136.166.149,STATEMENT,SUCCESS,Nyeri Town,8
2026-03-05 13:49:25,Omondi Mutua,197.136.149.157,LOGIN,SUCCESS,Meru Town,1
2026-03-28 08:45:47,Chebet Mugo,196.201.24.166,TRANSFER,SUCCESS,Kitale,28
2026-02-23 10:41:10,Moraa Otieno,197.136.66.150,VIEW_BALANCE,SUCCESS,Mombasa CBD,15
2026-01-18 10:53:53,Akinyi Wekesa,41.204.193.191,STATEMENT,SUCCESS,Malindi,3
2026-02-10 13:24:15,Nafula Njoroge,41.89.145.148,VIEW_BALANCE,SUCCESS,Kisumu CBD,5
2026-01-03 18:53:53,Mutua Macharia,197.136.5.192,TRANSFER,SUCCESS,Westlands Nairobi,17
2026-02-21 13:17:10,Wairimu Gitau,41.204.247.159,STATEMENT,SUCCESS,Machakos,13
2026-01-01 14:32:09,Wanjiku Macharia,196.201.128.196,STATEMENT,SUCCESS,Kasarani Nairobi,5
2026-02-21 16:17:34,Kimani Gathoni,197.136.245.78,LOGIN,SUCCESS,Machakos,24
2026-02-21 17:10:33,Gitau Waweru,41.89.179.173,LOGIN,SUCCESS,Eldoret Town,12
2026-01-08 09:10:58,Mwangi Kimani,197.136.75.133,LOGIN,SUCCESS,Westlands Nairobi,15
2026-03-20 13:19:06,Moraa Wekesa,197.136.73.224,LOGIN,SUCCESS,Westlands Nairobi,7
2026-03-26 13:00:33,Otieno Wekesa,41.89.115.129,TRANSFER,SUCCESS,Machakos,27
2026-02-01 17:04:23,Omondi Otieno,197.136.167.13,TRANSFER,SUCCESS,Kisumu CBD,9
2026-01-27 15:19:17,Adhiambo Otieno,41.204.33.194,LOGIN,SUCCESS,Nakuru Town,1
2026-02-21 12:01:29,Nyambura Mutua,197.136.27.194,TRANSFER,SUCCESS,Kayole Nairobi,11
2026-01-10 10:40:33,Otieno Gitau,197.136.20.89,TRANSFER,SUCCESS,Kitale,27
2026-02-11 13:48:10,Gitau Kiprotich,41.89.131.186,VIEW_BALANCE,SUCCESS,Machakos,19
2026-03-22 12:37:35,Mwangi Mugo,197.136.135.88,LOGIN,SUCCESS,Machakos,26
2026-02-06 18:51:20,Wambui Mwangi,41.89.206.251,VIEW_BALANCE,SUCCESS,Mombasa CBD,19
2026-01-19 12:49:44,Mwangi Macharia,197.136.218.83,STATEMENT,SUCCESS,Malindi,29
2026-01-15 12:50:04,Kimani Ochieng,41.89.49.120,VIEW_BALANCE,SUCCESS,Kakamega,12
2026-01-13 11:48:49,Adhiambo Njoroge,41.204.103.236,STATEMENT,SUCCESS,Kasarani Nairobi,7
2026-02-05 08:00:08,Kimani Mwangi,41.204.29.58,LOGIN,SUCCESS,Nyeri Town,22
2026-03-23 14:33:58,Mwangi Kipchoge,41.204.69.236,LOGIN,SUCCESS,Mombasa CBD,2
2026-03-05 14:40:04,Chebet Ochieng,41.89.83.84,VIEW_BALANCE,SUCCESS,Nyeri Town,23
2026-02-12 08:09:06,Kimani Waweru,197.136.50.168,TRANSFER,SUCCESS,Nyeri Town,14
2026-01-19 13:46:17,Adhiambo Otieno,196.201.142.30,VIEW_BALANCE,SUCCESS,Kisumu CBD,18
2026-02-23 17:09:16,Wambui Juma,196.201.111.134,STATEMENT,SUCCESS,Westlands Nairobi,11
2026-03-01 14:40:57,Mwangi Macharia,197.136.191.210,STATEMENT,SUCCESS,Meru Town,13
2026-02-21 12:39:55,Mutua Kamau,41.89.42.75,LOGIN,SUCCESS,Meru Town,24
2026-01-11 11:19:55,Wanjiku Kipchoge,197.136.83.146,TRANSFER,SUCCESS,Malindi,24
2026-02-05 15:29:05,Otieno Njoroge,41.89.211.52,LOGIN,SUCCESS,Eldoret Town,5
2026-02-18 18:42:21,Wambui Kamau,196.201.169.64,TRANSFER,SUCCESS,Nyeri Town,2
2026-02-08 16:29:34,Chebet Kariuki,41.89.223.50,TRANSFER,SUCCESS,Kibera Nairobi,14
2026-03-26 09:37:46,Kariuki Kamau,196.201.82.231,VIEW_BALANCE,SUCCESS,Westlands Nairobi,15
2026-03-21 10:12:23,Kariuki Mugo,41.204.163.88,LOGIN,SUCCESS,Westlands Nairobi,14
2026-01-04 09:00:28,Kamau Mugo,41.89.148.229,STATEMENT,SUCCESS,Westlands Nairobi,12
2026-02-28 12:15:29,Kariuki Waweru,41.204.103.166,STATEMENT,SUCCESS,Meru Town,27
2026-01-21 10:23:49,Kamau Gitau,197.136.140.88,TRANSFER,SUCCESS,Kibera Nairobi,25
2026-01-16 12:16:42,Moraa Juma,41.89.61.100,LOGIN,SUCCESS,Kasarani Nairobi,21
2026-02-03 17:30:53,Chebet Kariuki,41.89.135.158,LOGIN,SUCCESS,Kakamega,30
2026-02-17 15:07:34,Moraa Maina,41.204.140.164,TRANSFER,SUCCESS,Kasarani Nairobi,20
2026-01-25 13:25:59,Wairimu Macharia,41.204.167.230,LOGIN,SUCCESS,Machakos,17
2026-03-27 14:14:03,Mutua Gitau,196.201.195.176,STATEMENT,SUCCESS,Eldoret Town,4
2026-01-19 10:13:39,Nyambura Kiprotich,41.89.248.50,STATEMENT,SUCCESS,Nyeri Town,22
2026-03-27 13:47:46,Nafula Rotich,197.136.129.203,STATEMENT,SUCCESS,Kitale,9
2026-02-09 10:40:20,Kimani Rotich,196.201.216.90,VIEW_BALANCE,SUCCESS,Nyeri Town,12
2026-03-03 18:06:34,Njeri Kimani,41.204.130.172,VIEW_BALANCE,SUCCESS,Kisumu CBD,25
2026-01-26 10:41:54,Kimani Juma,41.204.6.187,LOGIN,SUCCESS,Mombasa CBD,23
2026-03-15 10:23:30,Otieno Kiprotich,41.89.222.239,STATEMENT,SUCCESS,Kakamega,23
2026-03-09 11:08:29,Kimani Macharia,41.89.147.23,LOGIN,SUCCESS,Mombasa CBD,3
2026-01-12 17:34:06,Chebet Macharia,41.204.180.119,VIEW_BALANCE,SUCCESS,Mombasa CBD,17
2026-01-26 14:58:57,Chebet Gitau,196.201.35.93,LOGIN,SUCCESS,Machakos,3
2026-03-10 14:58:55,Adhiambo Kiprotich,197.136.48.60,STATEMENT,SUCCESS,Meru Town,15
2026-01-04 14:15:18,Ochieng Mutua,41.89.78.113,STATEMENT,SUCCESS,Mombasa CBD,16
2026-03-27 17:02:30,Njeri Mugo,41.204.175.159,TRANSFER,SUCCESS,Kisumu CBD,15
2026-02-06 10:37:10,Mwangi Gitau,196.201.116.77,STATEMENT,SUCCESS,Malindi,23
2026-03-11 11:32:07,Wanjiku Kipchoge,196.201.44.30,VIEW_BALANCE,SUCCESS,Kakamega,9
2026-02-24 18:39:03,Wairimu Kipchoge,197.136.117.8,TRANSFER,SUCCESS,Kayole Nairobi,7
2026-01-04 18:56:18,Nafula Juma,41.204.174.181,TRANSFER,SUCCESS,Eldoret Town,15
2026-03-04 11:17:40,Kariuki Kamau,41.89.83.236,VIEW_BALANCE,SUCCESS,Mombasa CBD,20
2026-03-02 11:17:27,Njeri Mutua,41.89.83.85,LOGIN,SUCCESS,Kakamega,7
2026-01-24 14:42:29,Mutua Juma,41.89.157.176,LOGIN,SUCCESS,Meru Town,10
2026-03-18 12:29:13,Adhiambo Gitau,41.204.88.49,LOGIN,SUCCESS,Kibera Nairobi,20
2026-01-14 11:59:21,Wairimu Njoroge,197.136.49.25,VIEW_BALANCE,SUCCESS,Nakuru Town,14
2026-02-10 13:49:36,Adhiambo Macharia,196.201.246.145,TRANSFER,SUCCESS,Mombasa CBD,26
2026-01-07 09:11:07,Kipchoge Maina,196.201.17.179,STATEMENT,SUCCESS,Machakos,14
2026-03-14 17:53:13,Nafula Kimani,196.201.75.16,TRANSFER,SUCCESS,Kakamega,15
2026-01-01 16:44:31,Wanjiku Otieno,197.136.45.114,VIEW_BALANCE,SUCCESS,Kayole Nairobi,20
2026-02-28 09:31:32,Njeri Waweru,41.204.133.109,LOGIN,SUCCESS,Kisumu CBD,26
2026-03-01 12:28:05,Kimani Kipchoge,196.201.120.65,STATEMENT,SUCCESS,Machakos,20
2026-01-01 12:25:42,Mwangi Maina,197.136.161.19,LOGIN,SUCCESS,Meru Town,13
2026-03-14 18:03:48,Kipchoge Njoroge,196.201.238.212,TRANSFER,SUCCESS,Nyeri Town,20
2026-02-14 15:00:31,Omondi Maina,41.89.202.69,LOGIN,SUCCESS,Mombasa CBD,12
2026-03-17 17:52:07,Otieno Juma,41.89.230.155,LOGIN,SUCCESS,Machakos,5
2026-01-12 17:17:41,Kipchoge Mugo,41.204.245.91,STATEMENT,SUCCESS,Kibera Nairobi,11
2026-03-18 14:23:07,Adhiambo Gathoni,197.136.146.103,LOGIN,SUCCESS,Meru Town,4
2026-03-24 16:53:59,Mwangi Maina,41.89.194.59,LOGIN,SUCCESS,Mombasa CBD,23
2026-02-27 09:58:30,Otieno Ochieng,197.136.57.179,STATEMENT,SUCCESS,Kakamega,4
2026-01-14 13:20:42,Kipchoge Mugo,196.201.44.87,TRANSFER,SUCCESS,Meru Town,1
2026-02-03 09:04:36,Otieno Mutua,196.201.130.65,TRANSFER,SUCCESS,Nakuru Town,16
2026-02-02 10:08:46,Kipchoge Kariuki,196.201.44.199,VIEW_BALANCE,SUCCESS,Kisumu CBD,12
2026-03-12 10:38:50,Nafula Otieno,41.89.52.90,VIEW_BALANCE,SUCCESS,Eldoret Town,12
2026-02-21 18:14:10,Otieno Rotich,41.204.101.144,VIEW_BALANCE,SUCCESS,Mombasa CBD,4
2026-02-20 09:00:54,Otieno Wekesa,196.201.225.193,STATEMENT,SUCCESS,Machakos,3
2026-02-12 12:19:06,Kimani Otieno,197.136.20.149,VIEW_BALANCE,SUCCESS,Meru Town,15
2026-01-01 12:53:54,Wairimu Kariuki,41.89.198.3,LOGIN,SUCCESS,Malindi,0
2026-02-05 15:53:02,Moraa Wekesa,41.204.230.82,STATEMENT,SUCCESS,Kasarani Nairobi,5
2026-03-09 08:10:53,Mutua Gathoni,41.89.221.166,VIEW_BALANCE,SUCCESS,Machakos,3
2026-03-10 14:42:49,Kariuki Njoroge,41.204.35.142,TRANSFER,SUCCESS,Malindi,10
2026-03-26 14:39:39,Njeri Ochieng,41.204.211.81,VIEW_BALANCE,SUCCESS,Kisumu CBD,18
2026-01-05 12:25:39,Nafula Rotich,196.201.93.162,VIEW_BALANCE,SUCCESS,Thika Town,2
2026-03-28 10:37:31,Otieno Juma,41.204.152.27,TRANSFER,SUCCESS,Kitale,7
2026-02-01 14:45:55,Wairimu Otieno,41.204.87.185,LOGIN,SUCCESS,Machakos,10
2026-01-22 10:41:17,Kamau Mwangi,41.204.21.248,VIEW_BALANCE,SUCCESS,Kasarani Nairobi,28
2026-02-01 17:06:22,Kimani Ochieng,41.204.166.132,STATEMENT,SUCCESS,Kibera Nairobi,9
2026-01-16 15:46:42,Wairimu Waweru,197.136.162.87,LOGIN,SUCCESS,Machakos,3
2026-01-07 16:19:56,Adhiambo Mugo,197.136.60.107,TRANSFER,SUCCESS,Nakuru Town,6
2026-02-01 14:37:39,Gitau Waweru,41.204.207.154,LOGIN,SUCCESS,Kitale,4
2026-03-06 16:42:17,Omondi Kiprotich,196.201.145.156,LOGIN,SUCCESS,Kayole Nairobi,4
2026-03-27 10:34:46,Njeri Onyango,41.89.144.11,LOGIN,SUCCESS,Kasarani Nairobi,27
2026-01-22 11:32:19,Moraa Maina,196.201.223.236,TRANSFER,SUCCESS,Kayole Nairobi,25
2026-02-27 16:49:42,Mutua Gathoni,41.204.245.103,TRANSFER,SUCCESS,Kitale,22
2026-01-07 18:22:21,Nafula Ochieng,196.201.41.94,VIEW_BALANCE,SUCCESS,Eldoret Town,10
2026-03-10 14:25:03,Kipchoge Mutua,41.204.9.54,TRANSFER,SUCCESS,Kitale,6
2026-03-14 10:14:03,Wanjiku Gathoni,41.89.4.163,VIEW_BALANCE,SUCCESS,Westlands Nairobi,7
2026-01-09 13:50:51,Mutua Macharia,196.201.222.153,STATEMENT,SUCCESS,Westlands Nairobi,28
2026-01-12 13:34:08,Kariuki Kiprotich,41.204.166.208,TRANSFER,SUCCESS,Kitale,27
2026-01-09 10:34:05,Kariuki Ochieng,197.136.58.108,TRANSFER,SUCCESS,Meru Town,18
2026-01-24 18:29:57,Nafula Kipchoge,41.89.155.187,STATEMENT,SUCCESS,Kakamega,5
2026-03-11 17:57:38,Wairimu Maina,196.201.176.186,STATEMENT,SUCCESS,Kasarani Nairobi,21
2026-01-12 10:31:44,Wairimu Kamau,41.89.91.22,VIEW_BALANCE,SUCCESS,Westlands Nairobi,24
2026-01-23 08:29:05,Njeri Mutua,196.201.218.78,STATEMENT,SUCCESS,Machakos,14
2026-01-27 18:44:45,Wambui Ochieng,41.89.226.7,LOGIN,SUCCESS,Kitale,1
2026-03-26 15:23:46,Otieno Waweru,41.89.61.171,VIEW_BALANCE,SUCCESS,Westlands Nairobi,4
2026-03-11 16:39:40,Moraa Mutua,197.136.3.145,LOGIN,SUCCESS,Machakos,30
2026-01-19 12:07:56,Gitau Njoroge,196.201.180.206,TRANSFER,SUCCESS,Westlands Nairobi,8
2026-02-14 16:25:16,Chebet Gitau,41.204.13.100,VIEW_BALANCE,SUCCESS,Mombasa CBD,28
2026-02-27 11:33:52,Wairimu Mwangi,41.204.54.82,STATEMENT,SUCCESS,Meru Town,30
2026-03-18 11:41:07,Omondi Kipchoge,41.89.146.25,LOGIN,SUCCESS,Mombasa CBD,20
2026-03-23 08:57:51,Wairimu Njoroge,41.89.72.125,VIEW_BALANCE,SUCCESS,Thika Town,6
2026-01-03 15:02:32,Kamau Waweru,41.204.204.108,VIEW_BALANCE,SUCCESS,Thika Town,26
2026-03-14 11:11:34,Kimani Ochieng,196.201.209.33,TRANSFER,SUCCESS,Meru Town,28
2026-03-10 12:49:25,Otieno Juma,197.136.188.254,VIEW_BALANCE,SUCCESS,Kayole Nairobi,19
2026-03-19 17:48:23,Wambui Njoroge,197.136.11.76,TRANSFER,SUCCESS,Meru Town,14
2026-01-26 10:43:28,Wanjiku Mutua,41.204.11.46,VIEW_BALANCE,SUCCESS,Mombasa CBD,9
2026-01-18 12:43:14,Mutua Mwangi,197.136.115.43,LOGIN,SUCCESS,Westlands Nairobi,5
2026-01-28 14:59:52,Mwangi Juma,196.201.248.248,LOGIN,SUCCESS,Thika Town,23
2026-03-23 11:34:59,Chebet Kamau,41.204.117.148,TRANSFER,SUCCESS,Nyeri Town,7
2026-01-11 08:08:54,Kipchoge Macharia,197.136.111.59,VIEW_BALANCE,SUCCESS,Thika Town,1
2026-02-16 10:17:10,Wairimu Kariuki,41.89.226.84,VIEW_BALANCE,SUCCESS,Nyeri Town,26
2026-03-13 09:35:59,Chebet Otieno,197.136.211.5,TRANSFER,SUCCESS,Thika Town,28
2026-03-13 09:31:14,Adhiambo Wekesa,41.204.20.109,TRANSFER,SUCCESS,Westlands Nairobi,24
2026-03-17 16:34:15,Chebet Waweru,196.201.153.59,TRANSFER,SUCCESS,Machakos,11
2026-02-20 15:58:35,Ochieng Kariuki,41.204.90.233,STATEMENT,SUCCESS,Kayole Nairobi,28
2026-02-04 13:43:31,Moraa Macharia,197.136.162.97,STATEMENT,SUCCESS,Kisumu CBD,14
2026-01-08 18:11:26,Mwangi Gitau,197.136.210.227,LOGIN,SUCCESS,Kakamega,4
2026-02-02 11:39:32,Nafula Gathoni,197.136.151.178,VIEW_BALANCE,SUCCESS,Eldoret Town,0
2026-01-11 14:33:42,Kipchoge Kipchoge,196.201.114.179,TRANSFER,SUCCESS,Kitale,4
2026-01-05 16:44:03,Adhiambo Mutua,197.136.219.201,LOGIN,SUCCESS,Nakuru Town,21
2026-01-25 10:17:21,Nyambura Mugo,196.201.177.102,LOGIN,SUCCESS,Machakos,11
2026-01-22 15:08:39,Kimani Kamau,196.201.158.229,VIEW_BALANCE,SUCCESS,Kitale,24
2026-03-07 17:08:57,Kariuki Kimani,41.204.162.24,LOGIN,SUCCESS,Kitale,13
2026-03-09 10:25:49,Mutua Gathoni,196.201.137.178,STATEMENT,SUCCESS,Eldoret Town,11
2026-03-09 16:32:45,Njeri Kimani,41.204.60.252,VIEW_BALANCE,SUCCESS,Kitale,0
2026-03-10 17:05:32,Kamau Kipchoge,41.204.222.20,TRANSFER,SUCCESS,Kibera Nairobi,7
2026-01-07 16:09:05,Mwangi Rotich,196.201.144.252,LOGIN,SUCCESS,Mombasa CBD,23
2026-01-13 10:06:21,Otieno Kimani,196.201.156.104,VIEW_BALANCE,SUCCESS,Kibera Nairobi,27
2026-02-26 12:26:53,Kipchoge Kiprotich,197.136.237.120,TRANSFER,SUCCESS,Thika Town,26
2026-01-14 09:05:42,Nyambura Otieno,196.201.76.95,VIEW_BALANCE,SUCCESS,Kisumu CBD,28
2026-02-13 08:55:35,Kariuki Gathoni,41.204.229.65,TRANSFER,SUCCESS,Machakos,4
2026-02-01 14:54:28,Kariuki Kariuki,41.89.12.208,STATEMENT,SUCCESS,Thika Town,14
2026-01-15 18:09:52,Wairimu Mugo,41.204.40.56,LOGIN,SUCCESS,Westlands Nairobi,16
2026-02-15 14:04:07,Njeri Mugo,196.201.39.234,TRANSFER,SUCCESS,Nyeri Town,8
2026-01-26 16:23:34,Akinyi Onyango,41.89.154.230,TRANSFER,SUCCESS,Nakuru Town,9
2026-02-10 13:35:07,Kamau Maina,196.201.140.212,TRANSFER,SUCCESS,Thika Town,29
2026-01-15 14:49:50,Adhiambo Mutua,197.136.125.211,STATEMENT,SUCCESS,Nyeri Town,1
2026-03-02 17:42:17,Nafula Macharia,41.204.54.6,STATEMENT,SUCCESS,Kitale,15
2026-01-22 15:01:26,Adhiambo Kipchoge,196.201.95.73,STATEMENT,SUCCESS,Machakos,15
2026-02-05 14:16:24,Wanjiku Gitau,41.204.180.143,STATEMENT,SUCCESS,Westlands Nairobi,2
2026-01-23 13:27:33,Kamau Juma,41.204.169.222,STATEMENT,SUCCESS,Mombasa CBD,17
2026-01-16 08:16:02,Nyambura Mutua,196.201.111.100,STATEMENT,SUCCESS,Machakos,11
2026-03-09 18:18:30,Akinyi Onyango,41.204.156.108,VIEW_BALANCE,SUCCESS,Kisumu CBD,28
2026-03-19 08:29:42,Wanjiku Mugo,41.204.241.129,VIEW_BALANCE,SUCCESS,Westlands Nairobi,14
2026-01-10 14:46:50,Gitau Ochieng,197.136.134.65,VIEW_BALANCE,SUCCESS,Thika Town,25
2026-02-21 14:38:35,Nafula Mutua,41.89.184.50,STATEMENT,SUCCESS,Nakuru Town,1
2026-03-17 09:25:51,Wambui Macharia,197.136.105.247,STATEMENT,SUCCESS,Westlands Nairobi,5
2026-03-12 14:27:27,Chebet Njoroge,196.201.112.50,LOGIN,SUCCESS,Mombasa CBD,12
2026-03-26 17:34:49,Gitau Otieno,41.89.79.160,TRANSFER,SUCCESS,Kitale,8
2026-02-24 18:56:34,Otieno Ochieng,41.89.39.156,TRANSFER,SUCCESS,Nyeri Town,17
2026-02-25 09:38:05,Omondi Kimani,41.89.111.205,STATEMENT,SUCCESS,Westlands Nairobi,2
2026-02-26 11:32:24,Moraa Mutua,41.89.8.55,STATEMENT,SUCCESS,Machakos,16
2026-01-07 18:20:12,Adhiambo Juma,196.201.155.185,STATEMENT,SUCCESS,Nakuru Town,27
2026-01-28 10:43:15,Wanjiku Mwangi,41.204.175.69,VIEW_BALANCE,SUCCESS,Mombasa CBD,5
2026-01-08 18:28:25,Kamau Onyango,196.201.208.229,LOGIN,SUCCESS,Machakos,17
2026-02-12 14:43:43,Ochieng Gitau,197.136.215.86,STATEMENT,SUCCESS,Kisumu CBD,26
2026-01-28 14:44:03,Nyambura Kimani,196.201.168.145,LOGIN,SUCCESS,Eldoret Town,28
2026-03-02 17:42:06,Njeri Ochieng,197.136.158.93,STATEMENT,SUCCESS,Nakuru Town,19
2026-03-07 13:38:07,Nafula Gitau,41.89.185.155,STATEMENT,SUCCESS,Nakuru Town,26
2026-02-10 17:13:04,Nafula Ochieng,197.136.205.28,STATEMENT,SUCCESS,Malindi,0
2026-02-04 13:05:19,Kipchoge Mutua,41.89.145.43,TRANSFER,SUCCESS,Kitale,23
2026-02-05 17:49:20,Mutua Waweru,196.201.226.234,VIEW_BALANCE,SUCCESS,Mombasa CBD,11
2026-03-25 13:44:52,Adhiambo Kamau,41.204.60.254,LOGIN,SUCCESS,Thika Town,22
2026-02-13 15:54:28,Otieno Gitau,41.89.157.123,TRANSFER,SUCCESS,Westlands Nairobi,25
2026-03-21 14:49:27,Kamau Otieno,196.201.93.210,VIEW_BALANCE,SUCCESS,Nyeri Town,8
2026-02-10 15:26:02,Kariuki Rotich,197.136.97.40,TRANSFER,SUCCESS,Mombasa CBD,1
2026-03-12 13:05:33,Ochieng Kipchoge,41.204.169.120,STATEMENT,SUCCESS,Kayole Nairobi,7
2026-03-05 17:50:01,Otieno Rotich,41.89.187.154,TRANSFER,SUCCESS,Machakos,1
2026-01-04 16:00:45,Mwangi Onyango,197.136.121.186,TRANSFER,SUCCESS,Kasarani Nairobi,29
2026-01-25 08:11:44,Chebet Mutua,41.204.25.147,VIEW_BALANCE,SUCCESS,Kasarani Nairobi,27
2026-03-12 14:13:43,Kariuki Kamau,41.204.154.3,STATEMENT,SUCCESS,Kakamega,20
2026-02-13 09:16:01,Njeri Kamau,41.89.147.106,TRANSFER,SUCCESS,Kisumu CBD,5
2026-03-26 10:59:35,Gitau Kipchoge,41.89.225.207,TRANSFER,SUCCESS,Kisumu CBD,11
2026-01-23 09:43:05,Omondi Wekesa,197.136.45.146,LOGIN,SUCCESS,Kitale,5
2026-02-26 13:12:27,Adhiambo Ochieng,196.201.88.173,TRANSFER,SUCCESS,Kibera Nairobi,4
2026-03-18 12:56:39,Kamau Rotich,197.136.254.248,STATEMENT,SUCCESS,Malindi,22
2026-02-09 13:40:09,Wambui Kiprotich,196.201.178.32,TRANSFER,SUCCESS,Kitale,3
2026-02-12 15:21:04,Kariuki Ochieng,41.204.212.188,VIEW_BALANCE,SUCCESS,Thika Town,29
2026-03-10 09:14:01,Kimani Kamau,196.201.28.207,TRANSFER,SUCCESS,Westlands Nairobi,2
2026-01-03 11:14:50,Ochieng Mwangi,41.89.15.23,STATEMENT,SUCCESS,Westlands Nairobi,8
2026-02-13 10:22:00,Gitau Kimani,41.204.192.187,LOGIN,SUCCESS,Kitale,6
2026-03-24 08:07:49,Kipchoge Gitau,41.89.112.152,STATEMENT,SUCCESS,Mombasa CBD,29
2026-01-21 16:50:56,Ochieng Wekesa,197.136.108.12,TRANSFER,SUCCESS,Meru Town,23
2026-02-10 18:54:41,Mutua Kimani,41.89.168.246,TRANSFER,SUCCESS,Meru Town,16
2026-02-06 15:08:12,Kimani Ochieng,41.204.241.138,LOGIN,SUCCESS,Kayole Nairobi,9
2026-02-17 09:01:22,Kariuki Juma,41.204.136.117,TRANSFER,SUCCESS,Thika Town,7
2026-01-20 12:05:47,Adhiambo Macharia,197.136.184.156,VIEW_BALANCE,SUCCESS,Mombasa CBD,3
2026-01-28 15:15:26,Chebet Kipchoge,196.201.37.133,VIEW_BALANCE,SUCCESS,Nyeri Town,6
2026-02-18 12:42:06,Mwangi Kimani,196.201.98.229,LOGIN,SUCCESS,Kayole Nairobi,13
2026-02-04 09:36:27,Moraa Otieno,196.201.99.226,TRANSFER,SUCCESS,Machakos,12
2026-02-22 17:49:18,Mwangi Ochieng,41.89.241.109,STATEMENT,SUCCESS,Thika Town,29
2026-01-03 09:19:19,Otieno Otieno,196.201.20.200,STATEMENT,SUCCESS,Eldoret Town,21
2026-03-16 14:01:33,Nafula Otieno,41.204.216.144,LOGIN,SUCCESS,Kisumu CBD,24
2026-02-07 18:10:45,Adhiambo Waweru,41.204.98.140,TRANSFER,SUCCESS,Kibera Nairobi,27
2026-01-16 16:05:31,Njeri Juma,41.89.193.185,STATEMENT,SUCCESS,Westlands Nairobi,15
2026-03-28 11:26:29,Adhiambo Mwangi,196.201.12.108,VIEW_BALANCE,SUCCESS,Machakos,29
2026-01-05 14:44:23,Akinyi Mutua,41.89.225.24,VIEW_BALANCE,SUCCESS,Kayole Nairobi,6
2026-02-12 08:04:36,Kamau Kipchoge,197.136.132.17,STATEMENT,SUCCESS,Nyeri Town,30
2026-03-07 09:05:51,Ochieng Waweru,41.89.99.146,STATEMENT,SUCCESS,Kitale,29
2026-03-12 15:02:31,Wairimu Kipchoge,196.201.125.102,STATEMENT,SUCCESS,Thika Town,25
2026-01-20 17:24:29,Kamau Kamau,41.204.187.179,VIEW_BALANCE,SUCCESS,Kisumu CBD,19
2026-01-08 13:07:58,Mutua Rotich,41.204.182.130,TRANSFER,SUCCESS,Nakuru Town,8
2026-03-20 13:40:57,Nafula Njoroge,197.136.128.240,TRANSFER,SUCCESS,Machakos,23
2026-01-16 10:38:42,Gitau Maina,41.89.154.186,TRANSFER,SUCCESS,Kakamega,28
2026-01-11 11:56:46,Wanjiku Kimani,197.136.246.65,TRANSFER,SUCCESS,Machakos,15
2026-03-02 08:26:00,Otieno Wekesa,197.136.184.76,LOGIN,SUCCESS,Eldoret Town,10
2026-03-24 10:08:19,Nyambura Maina,197.136.111.79,LOGIN,SUCCESS,Machakos,6
2026-01-01 14:47:38,Adhiambo Kiprotich,41.204.113.100,LOGIN,SUCCESS,Mombasa CBD,15
2026-03-22 10:30:47,Nafula Kiprotich,196.201.113.82,STATEMENT,SUCCESS,Kakamega,22
2026-01-27 10:39:38,Nafula Otieno,41.204.33.165,LOGIN,SUCCESS,Malindi,12
2026-02-08 11:29:54,Kimani Otieno,197.136.128.136,STATEMENT,SUCCESS,Meru Town,4
2026-01-27 08:31:54,Wairimu Macharia,196.201.135.37,LOGIN,SUCCESS,Eldoret Town,0
2026-02-21 08:18:54,Wambui Juma,41.89.171.75,STATEMENT,SUCCESS,Malindi,26
2026-01-05 08:02:04,Ochieng Otieno,41.204.239.231,VIEW_BALANCE,SUCCESS,Kasarani Nairobi,16
2026-03-22 15:26:38,Nafula Mugo,41.89.72.163,LOGIN,SUCCESS,Kibera Nairobi,23
2026-01-12 12:02:18,Akinyi Kariuki,41.204.132.195,STATEMENT,SUCCESS,Kisumu CBD,15
2026-03-03 09:02:41,Omondi Mugo,41.89.27.117,VIEW_BALANCE,SUCCESS,Kitale,17
2026-02-21 12:17:14,Akinyi Macharia,196.201.236.114,VIEW_BALANCE,SUCCESS,Nakuru Town,13
2026-02-09 14:39:39,Njeri Mwangi,197.136.32.254,STATEMENT,SUCCESS,Meru Town,29
2026-01-05 09:39:23,Wambui Kiprotich,196.201.55.101,TRANSFER,SUCCESS,Meru Town,8
2026-02-02 10:05:41,Nyambura Kamau,197.136.231.180,TRANSFER,SUCCESS,Malindi,4
2026-01-19 15:55:39,Chebet Mwangi,41.89.224.226,VIEW_BALANCE,SUCCESS,Kitale,1
2026-02-04 14:16:24,Chebet Mwangi,41.204.29.154,VIEW_BALANCE,SUCCESS,Nyeri Town,21
2026-01-14 17:00:44,Wanjiku Rotich,41.204.35.242,VIEW_BALANCE,SUCCESS,Kasarani Nairobi,9
2026-03-25 14:44:32,Mutua Onyango,196.201.191.215,LOGIN,SUCCESS,Malindi,7
2026-01-09 11:57:27,Kariuki Onyango,41.89.18.88,TRANSFER,SUCCESS,Kisumu CBD,8
2026-02-22 15:54:22,Mwangi Maina,197.136.75.170,TRANSFER,SUCCESS,Meru Town,8
2026-02-27 11:41:00,Mwangi Mugo,196.201.217.59,STATEMENT,SUCCESS,Kasarani Nairobi,16
2026-01-04 08:54:16,Nafula Kariuki,196.201.136.219,STATEMENT,SUCCESS,Kayole Nairobi,9
2026-01-25 14:55:34,Chebet Gathoni,196.201.216.34,VIEW_BALANCE,SUCCESS,Thika Town,11
2026-03-03 08:18:27,Kipchoge Njoroge,41.204.1.50,TRANSFER,SUCCESS,Kitale,3
2026-03-03 08:19:41,Nyambura Njoroge,41.204.234.156,STATEMENT,SUCCESS,Mombasa CBD,19
2026-02-09 13:11:19,Wanjiku Kiprotich,196.201.85.183,VIEW_BALANCE,SUCCESS,Nyeri Town,12
2026-02-09 16:25:36,Wanjiku Kimani,197.136.154.141,LOGIN,SUCCESS,Nakuru Town,5
2026-01-15 16:39:19,Kipchoge Ochieng,41.204.196.234,TRANSFER,SUCCESS,Kisumu CBD,27
2026-02-07 16:37:08,Moraa Mugo,41.89.16.236,TRANSFER,SUCCESS,Kisumu CBD,24
2026-01-17 12:20:27,Omondi Gathoni,196.201.56.50,LOGIN,SUCCESS,Nakuru Town,13
2026-03-15 09:34:39,Kimani Maina,41.204.55.178,STATEMENT,SUCCESS,Westlands Nairobi,14
2026-03-01 11:41:30,Adhiambo Wekesa,41.89.125.235,LOGIN,SUCCESS,Machakos,5
2026-01-17 13:48:54,Moraa Otieno,196.201.245.138,VIEW_BALANCE,SUCCESS,Eldoret Town,4
2026-01-23 17:18:16,Kamau Macharia,41.89.24.100,LOGIN,SUCCESS,Kakamega,28
2026-01-17 09:20:17,Kariuki Otieno,41.89.217.253,VIEW_BALANCE,SUCCESS,Mombasa CBD,11
2026-02-21 18:55:29,Kipchoge Gathoni,41.89.129.231,STATEMENT,SUCCESS,Kibera Nairobi,7
2026-03-03 16:18:52,Mutua Waweru,41.89.91.125,STATEMENT,SUCCESS,Nakuru Town,11
2026-01-24 17:21:57,Wambui Wekesa,41.204.77.166,VIEW_BALANCE,SUCCESS,Machakos,3
2026-03-03 10:16:48,Kipchoge Mugo,41.89.224.198,TRANSFER,SUCCESS,Malindi,1
2026-01-26 16:04:43,Wairimu Kamau,41.204.16.27,TRANSFER,SUCCESS,Thika Town,13
2026-03-03 08:24:52,Nyambura Juma,41.204.243.184,TRANSFER,SUCCESS,Kakamega,1
2026-03-08 12:40:30,Moraa Gathoni,197.136.175.182,VIEW_BALANCE,SUCCESS,Kasarani Nairobi,7
2026-01-24 17:50:11,Njeri Onyango,196.201.64.64,VIEW_BALANCE,SUCCESS,Eldoret Town,13
2026-03-22 14:32:01,Kimani Kipchoge,41.204.103.250,STATEMENT,SUCCESS,Kitale,20
2026-03-16 12:59:18,Kariuki Mugo,41.89.64.80,TRANSFER,SUCCESS,Meru Town,25
2026-03-28 08:39:11,Kariuki Kimani,41.204.125.76,TRANSFER,SUCCESS,Mombasa CBD,9
2026-01-23 11:57:18,Ochieng Maina,41.89.246.125,STATEMENT,SUCCESS,Nakuru Town,17
2026-01-01 12:04:22,Mutua Juma,197.136.134.16,TRANSFER,SUCCESS,Malindi,25
2026-03-19 17:42:37,Nafula Kimani,41.204.21.113,VIEW_BALANCE,SUCCESS,Westlands Nairobi,29
2026-01-16 16:35:43,Gitau Juma,197.136.236.205,TRANSFER,SUCCESS,Kisumu CBD,23
2026-02-12 18:07:51,Adhiambo Kimani,196.201.248.89,STATEMENT,SUCCESS,Eldoret Town,1
2026-01-03 11:42:13,Otieno Gathoni,41.204.199.252,STATEMENT,SUCCESS,Kasarani Nairobi,3
2026-02-16 12:19:40,Akinyi Kimani,41.204.93.22,TRANSFER,SUCCESS,Kayole Nairobi,22
2026-01-03 13:00:02,Chebet Rotich,197.136.182.211,LOGIN,SUCCESS,Meru Town,18
2026-01-20 18:50:37,Wairimu Otieno,197.136.222.2,VIEW_BALANCE,SUCCESS,Kitale,1
2026-03-09 10:47:16,Nyambura Kiprotich,41.89.206.143,LOGIN,SUCCESS,Kibera Nairobi,26
2026-03-26 16:44:26,Adhiambo Njoroge,41.204.135.242,TRANSFER,SUCCESS,Eldoret Town,0
2026-02-23 15:32:04,Moraa Macharia,41.204.170.117,VIEW_BALANCE,SUCCESS,Kisumu CBD,9
2026-02-20 13:57:20,Kipchoge Macharia,197.136.183.163,STATEMENT,SUCCESS,Malindi,29
2026-03-24 18:19:29,Gitau Maina,41.204.217.229,STATEMENT,SUCCESS,Kayole Nairobi,0
2026-01-13 08:01:01,Wanjiku Onyango,41.89.137.48,STATEMENT,SUCCESS,Machakos,14
2026-02-16 08:25:50,Wairimu Maina,197.136.49.12,LOGIN,SUCCESS,Kibera Nairobi,14
2026-03-14 16:27:04,Wambui Wekesa,41.89.31.64,VIEW_BALANCE,SUCCESS,Kisumu CBD,24
2026-03-06 16:08:37,Otieno Kamau,196.201.28.220,TRANSFER,SUCCESS,Mombasa CBD,27
2026-02-17 18:08:20,Ochieng Kipchoge,41.204.112.110,TRANSFER,SUCCESS,Nyeri Town,6
2026-02-18 09:23:50,Kipchoge Njoroge,41.89.139.193,STATEMENT,SUCCESS,Eldoret Town,19
2026-02-24 12:31:35,Otieno Onyango,197.136.29.200,VIEW_BALANCE,SUCCESS,Kakamega,20
2026-01-24 16:26:34,Wairimu Njoroge,197.136.207.60,VIEW_BALANCE,SUCCESS,Malindi,15
2026-03-07 17:50:43,Moraa Njoroge,196.201.1.98,LOGIN,SUCCESS,Kibera Nairobi,4
2026-03-19 14:09:42,Wanjiku Mwangi,197.136.162.90,LOGIN,SUCCESS,Kitale,24
2026-01-22 13:36:01,Mwangi Kariuki,197.136.52.105,LOGIN,SUCCESS,Thika Town,7
2026-03-05 17:31:01,Wanjiku Mugo,197.136.109.12,TRANSFER,SUCCESS,Meru Town,1
2026-01-18 10:08:16,Akinyi Kiprotich,197.136.76.9,TRANSFER,SUCCESS,Malindi,13
2026-03-24 15:30:16,Kariuki Kipchoge,197.136.111.252,STATEMENT,SUCCESS,Kitale,16
2026-02-27 11:51:33,Njeri Rotich,196.201.112.13,TRANSFER,SUCCESS,Kayole Nairobi,20
2026-01-11 14:56:43,Mutua Mwangi,197.136.170.91,LOGIN,SUCCESS,Mombasa CBD,18
2026-03-19 09:18:46,Moraa Gathoni,196.201.195.14,TRANSFER,SUCCESS,Westlands Nairobi,8
2026-01-05 14:19:19,Kamau Mwangi,196.201.104.132,LOGIN,SUCCESS,Mombasa CBD,11
2026-01-08 12:12:24,Otieno Gitau,41.204.140.245,TRANSFER,SUCCESS,Meru Town,21
2026-03-20 08:28:08,Kamau Mutua,41.204.139.69,LOGIN,SUCCESS,Mombasa CBD,16
2026-03-25 10:17:17,Nyambura Gathoni,196.201.245.9,VIEW_BALANCE,SUCCESS,Malindi,18
2026-01-01 13:29:22,Kipchoge Kamau,196.201.1.129,LOGIN,SUCCESS,Nyeri Town,0
2026-03-02 12:44:47,Moraa Kariuki,41.89.235.125,LOGIN,SUCCESS,Kasarani Nairobi,10
2026-02-02 13:33:19,Akinyi Maina,196.201.184.139,STATEMENT,SUCCESS,Meru Town,26
2026-03-17 12:40:18,Omondi Mugo,196.201.55.118,LOGIN,SUCCESS,Kisumu CBD,11
2026-02-23 09:03:22,Ochieng Wekesa,41.89.252.124,TRANSFER,SUCCESS,Eldoret Town,3
2026-01-06 18:19:45,Chebet Wekesa,41.89.32.80,LOGIN,SUCCESS,Westlands Nairobi,23
2026-01-06 11:26:15,Chebet Kipchoge,196.201.206.123,LOGIN,SUCCESS,Kasarani Nairobi,25
2026-03-11 11:12:36,Nyambura Waweru,41.204.174.46,STATEMENT,SUCCESS,Thika Town,9
2026-01-08 11:32:04,Moraa Gitau,41.204.241.191,LOGIN,SUCCESS,Kisumu CBD,17
2026-01-08 18:13:19,Wambui Kamau,196.201.2.213,TRANSFER,SUCCESS,Kasarani Nairobi,24
2026-01-20 11:53:12,Wairimu Kariuki,41.204.190.86,TRANSFER,SUCCESS,Kisumu CBD,23
2026-03-17 09:25:43,Ochieng Waweru,196.201.168.31,VIEW_BALANCE,SUCCESS,Westlands Nairobi,12
2026-01-22 09:36:27,Kamau Onyango,41.89.196.239,STATEMENT,SUCCESS,Westlands Nairobi,15
2026-02-24 16:31:39,Nafula Ochieng,196.201.60.8,LOGIN,SUCCESS,Meru Town,30
2026-03-03 16:59:04,Omondi Kariuki,196.201.104.166,VIEW_BALANCE,SUCCESS,Westlands Nairobi,19
2026-03-17 13:52:32,Kimani Wekesa,197.136.4.45,VIEW_BALANCE,SUCCESS,Machakos,11
2026-03-17 08:05:24,Ochieng Kimani,41.89.41.252,VIEW_BALANCE,SUCCESS,Thika Town,20
2026-03-28 16:52:58,Nyambura Onyango,197.136.11.81,TRANSFER,SUCCESS,Westlands Nairobi,20
2026-01-04 17:23:53,Mutua Rotich,196.201.120.197,TRANSFER,SUCCESS,Kakamega,10
2026-03-08 18:58:49,Ochieng Onyango,196.201.182.212,TRANSFER,SUCCESS,Meru Town,18
2026-02-15 18:35:11,Kimani Waweru,196.201.249.134,LOGIN,SUCCESS,Kayole Nairobi,30
2026-02-22 09:41:04,Mutua Otieno,41.204.228.103,LOGIN,SUCCESS,Machakos,8
2026-03-22 08:54:32,Akinyi Rotich,41.204.109.193,TRANSFER,SUCCESS,Nyeri Town,23
2026-03-09 18:57:46,Ochieng Mwangi,41.204.195.229,LOGIN,SUCCESS,Nyeri Town,12
2026-02-11 12:52:45,Otieno Kimani,196.201.234.88,TRANSFER,SUCCESS,Kasarani Nairobi,30
2026-01-22 12:30:57,Njeri Mwangi,41.204.126.168,STATEMENT,SUCCESS,Meru Town,29
2026-02-25 12:15:27,Adhiambo Mugo,196.201.64.157,VIEW_BALANCE,SUCCESS,Kasarani Nairobi,5
2026-03-14 18:25:49,Nyambura Wekesa,41.89.212.97,LOGIN,SUCCESS,Eldoret Town,22
2026-03-10 10:28:14,Kamau Kamau,196.201.179.222,STATEMENT,SUCCESS,Kitale,18
2026-01-27 11:17:40,Wanjiku Njoroge,41.89.11.37,VIEW_BALANCE,SUCCESS,Kasarani Nairobi,7
2026-02-01 13:14:19,Kipchoge Kipchoge,197.136.97.127,LOGIN,SUCCESS,Kakamega,23
2026-01-04 11:58:34,Chebet Gitau,41.204.78.31,TRANSFER,SUCCESS,Nakuru Town,27
2026-01-13 16:33:47,Adhiambo Kiprotich,41.89.219.102,TRANSFER,SUCCESS,Kitale,12
2026-02-09 17:18:10,Omondi Kipchoge,41.89.208.76,LOGIN,SUCCESS,Machakos,30
2026-03-15 17:05:37,Kimani Gathoni,41.204.242.226,VIEW_BALANCE,SUCCESS,Mombasa CBD,11
2026-02-27 14:17:42,Moraa Maina,196.201.106.62,STATEMENT,SUCCESS,Kayole Nairobi,14
2026-01-08 16:42:09,Kamau Wekesa,41.89.139.223,LOGIN,SUCCESS,Meru Town,20
2026-01-07 08:14:38,Njeri Maina,197.136.203.28,LOGIN,SUCCESS,Malindi,10
2026-03-17 14:05:39,Wairimu Kipchoge,197.136.247.137,STATEMENT,SUCCESS,Mombasa CBD,9
2026-03-13 10:12:33,Nafula Macharia,41.89.239.61,STATEMENT,SUCCESS,Meru Town,1
2026-01-25 12:09:56,Adhiambo Otieno,41.204.46.32,LOGIN,SUCCESS,Kitale,28
2026-03-01 16:18:24,Kipchoge Gitau,196.201.47.42,TRANSFER,SUCCESS,Kasarani Nairobi,10
2026-01-20 16:48:21,Ochieng Mutua,197.136.171.178,STATEMENT,SUCCESS,Nyeri Town,8
2026-01-11 10:36:18,Wanjiku Mwangi,41.204.134.9,LOGIN,SUCCESS,Nakuru Town,2
2026-02-09 12:13:32,Njeri Wekesa,197.136.158.136,TRANSFER,SUCCESS,Nyeri Town,12
2026-03-05 17:44:47,Wairimu Mugo,41.204.215.144,LOGIN,SUCCESS,Nyeri Town,25
2026-03-07 08:49:05,Otieno Onyango,197.136.161.9,TRANSFER,SUCCESS,Westlands Nairobi,14
2026-03-16 08:41:46,Adhiambo Ochieng,197.136.228.74,VIEW_BALANCE,SUCCESS,Kasarani Nairobi,0
2026-03-01 08:37:14,Wanjiku Gathoni,196.201.120.28,TRANSFER,SUCCESS,Kibera Nairobi,21
2026-03-22 17:37:43,Kamau Gathoni,197.136.162.68,STATEMENT,SUCCESS,Kasarani Nairobi,2
2026-03-05 17:03:05,Mwangi Kiprotich,41.89.140.38,STATEMENT,SUCCESS,Kitale,4
2026-03-19 11:17:33,Mutua Gathoni,197.136.37.121,VIEW_BALANCE,SUCCESS,Malindi,6
2026-02-24 11:20:28,Nafula Kamau,197.136.154.249,TRANSFER,SUCCESS,Thika Town,6
2026-03-14 12:22:16,Moraa Kipchoge,41.89.177.14,LOGIN,SUCCESS,Eldoret Town,26
2026-01-09 13:45:50,Nafula Kariuki,197.136.180.27,VIEW_BALANCE,SUCCESS,Kisumu CBD,29
2026-01-24 14:07:27,Nafula Gitau,197.136.233.151,VIEW_BALANCE,SUCCESS,Kibera Nairobi,9
2026-02-14 18:33:06,Ochieng Juma,197.136.119.131,TRANSFER,SUCCESS,Mombasa CBD,24
2026-03-16 13:43:20,Njeri Wekesa,41.204.7.234,LOGIN,SUCCESS,Westlands Nairobi,6
2026-03-21 08:37:50,Wambui Otieno,197.136.49.235,VIEW_BALANCE,SUCCESS,Mombasa CBD,11
2026-01-27 13:56:36,Kamau Njoroge,197.136.98.95,STATEMENT,SUCCESS,Machakos,1
2026-03-10 10:55:09,Adhiambo Mugo,41.204.148.83,STATEMENT,SUCCESS,Nyeri Town,25
2026-03-27 10:26:59,Adhiambo Otieno,41.204.163.202,VIEW_BALANCE,SUCCESS,Machakos,12
2026-01-13 14:24:16,Omondi Gathoni,196.201.27.81,VIEW_BALANCE,SUCCESS,Thika Town,10
2026-02-10 15:52:35,Kariuki Gitau,196.201.86.146,TRANSFER,SUCCESS,Machakos,23
2026-01-16 12:38:49,Chebet Gathoni,41.89.176.80,LOGIN,SUCCESS,Thika Town,1
2026-02-28 09:51:35,Wambui Kipchoge,41.204.149.161,TRANSFER,SUCCESS,Eldoret Town,23
2026-02-13 12:50:04,Kariuki Rotich,41.89.181.254,STATEMENT,SUCCESS,Mombasa CBD,6
2026-02-21 09:23:54,Akinyi Rotich,41.204.31.214,TRANSFER,SUCCESS,Kakamega,24
2026-03-16 17:58:51,Adhiambo Otieno,41.204.62.48,VIEW_BALANCE,SUCCESS,Thika Town,14
2026-01-08 12:49:36,Otieno Kimani,197.136.109.124,STATEMENT,SUCCESS,Malindi,20
2026-02-02 14:56:38,Mwangi Ochieng,41.89.229.183,VIEW_BALANCE,SUCCESS,Nyeri Town,8
2026-02-26 14:11:59,Moraa Mwangi,41.204.33.61,STATEMENT,SUCCESS,Kitale,25
2026-03-09 13:11:29,Chebet Mugo,41.204.195.173,TRANSFER,SUCCESS,Nakuru Town,21
2026-02-19 13:38:50,Nafula Kiprotich,41.89.68.79,VIEW_BALANCE,SUCCESS,Kisumu CBD,11
2026-01-23 18:09:58,Gitau Kariuki,41.204.233.14,VIEW_BALANCE,SUCCESS,Kayole Nairobi,8
2026-01-27 16:58:48,Omondi Ochieng,41.204.150.239,STATEMENT,SUCCESS,Kakamega,3
2026-03-13 17:59:10,Adhiambo Mwangi,196.201.126.237,STATEMENT,SUCCESS,Nakuru Town,22
2026-02-12 15:13:27,Gitau Mwangi,41.89.232.131,TRANSFER,SUCCESS,Eldoret Town,28
2026-03-05 12:58:26,Gitau Mwangi,41.89.63.53,LOGIN,SUCCESS,Meru Town,6
2026-01-03 12:47:58,Wairimu Mugo,196.201.94.179,STATEMENT,SUCCESS,Nyeri Town,22
2026-01-18 18:58:27,Ochieng Juma,196.201.43.162,STATEMENT,SUCCESS,Kibera Nairobi,18
2026-01-03 14:58:05,Mwangi Njoroge,41.89.229.44,VIEW_BALANCE,SUCCESS,Kibera Nairobi,5
2026-03-18 08:13:34,Kipchoge Kariuki,41.89.216.188,TRANSFER,SUCCESS,Kitale,11
2026-02-08 10:46:39,Kipchoge Kiprotich,197.136.202.181,VIEW_BALANCE,SUCCESS,Machakos,17
2026-01-14 16:18:08,Moraa Ochieng,196.201.46.76,STATEMENT,SUCCESS,Kayole Nairobi,28
2026-03-04 10:51:16,Kimani Kimani,41.89.48.21,TRANSFER,SUCCESS,Kakamega,9
2026-01-04 15:01:22,Nyambura Mutua,196.201.29.173,TRANSFER,SUCCESS,Kitale,25
2026-03-03 18:11:39,Akinyi Mugo,196.201.234.235,LOGIN,SUCCESS,Kisumu CBD,14
2026-01-02 11:05:13,Kamau Waweru,197.136.194.64,VIEW_BALANCE,SUCCESS,Malindi,30
2026-02-12 11:46:51,Chebet Mutua,196.201.120.216,TRANSFER,SUCCESS,Kitale,16
2026-02-13 10:02:04,Nyambura Juma,41.89.131.143,LOGIN,SUCCESS,Eldoret Town,1
2026-03-01 10:14:22,Mwangi Gathoni,41.204.73.86,VIEW_BALANCE,SUCCESS,Kayole Nairobi,13
2026-02-24 10:22:25,Adhiambo Wekesa,41.204.197.137,STATEMENT,SUCCESS,Meru Town,18
2026-03-18 17:45:08,Wambui Gitau,197.136.128.235,TRANSFER,SUCCESS,Meru Town,16
2026-03-04 09:38:15,Moraa Mutua,196.201.106.183,TRANSFER,SUCCESS,Eldoret Town,5
2026-01-06 12:23:53,Adhiambo Waweru,41.89.194.52,LOGIN,SUCCESS,Meru Town,10
2026-01-16 08:57:47,Nyambura Kariuki,41.204.234.208,TRANSFER,SUCCESS,Kakamega,30
2026-01-23 16:48:45,Wanjiku Waweru,41.204.134.32,TRANSFER,SUCCESS,Kasarani Nairobi,6
2026-01-18 16:52:02,Otieno Mugo,197.136.81.101,LOGIN,SUCCESS,Kitale,5
2026-03-03 16:41:14,Chebet Onyango,41.204.65.205,VIEW_BALANCE,SUCCESS,Kitale,9
2026-02-01 08:44:58,Wambui Waweru,197.136.89.251,VIEW_BALANCE,SUCCESS,Kitale,16
2026-03-07 08:03:44,Kariuki Mutua,197.136.121.81,LOGIN,SUCCESS,Kakamega,16
2026-01-02 15:11:59,Nafula Kamau,41.204.105.165,STATEMENT,SUCCESS,Kisumu CBD,10
2026-03-24 16:39:07,Moraa Mwangi,41.204.89.125,TRANSFER,SUCCESS,Nyeri Town,7
2026-02-03 16:22:09,Ochieng Maina,41.204.210.234,LOGIN,SUCCESS,Kisumu CBD,13
2026-03-14 13:14:27,Otieno Wekesa,41.89.46.100,TRANSFER,SUCCESS,Kibera Nairobi,21
2026-02-14 08:41:49,Moraa Juma,196.201.177.247,VIEW_BALANCE,SUCCESS,Kibera Nairobi,30
2026-01-11 13:03:34,Adhiambo Mwangi,197.136.17.116,STATEMENT,SUCCESS,Westlands Nairobi,7
2026-02-24 18:45:11,Kamau Gathoni,197.136.161.23,LOGIN,SUCCESS,Machakos,13
2026-01-01 08:13:58,Adhiambo Maina,196.201.89.49,VIEW_BALANCE,SUCCESS,Kibera Nairobi,30
2026-02-01 04:29:31,admin,41.204.11.197,DELETE_LOGS,FAILED,Unknown,95
2026-02-03 01:09:41,admin,41.204.11.197,BULK_TRANSFER,FAILED,Unknown,86
2026-03-14 23:34:23,system,41.204.11.197,DELETE_LOGS,FAILED,Unknown,76
2026-03-21 01:04:38,manager,41.204.11.197,DELETE_LOGS,SUCCESS,Unknown,85
2026-02-18 00:14:19,system,41.204.11.197,DELETE_LOGS,SUCCESS,Unknown,100
2026-02-09 02:56:16,admin,41.204.11.197,EXPORT_DATA,FAILED,Unknown,84
2026-02-18 00:38:08,root,41.204.11.197,DELETE_LOGS,FAILED,Unknown,74
2026-01-07 03:58:44,admin,41.204.11.197,BULK_TRANSFER,SUCCESS,Unknown,82
2026-03-18 00:43:01,system,41.204.11.197,EXPORT_DATA,FAILED,Unknown,90
2026-01-01 02:47:53,root,41.204.11.197,EXPORT_DATA,FAILED,Unknown,93
2026-01-20 03:25:04,admin,41.204.11.197,DELETE_LOGS,SUCCESS,Unknown,85
2026-03-16 00:00:57,root,41.204.11.197,EXPORT_DATA,FAILED,Unknown,71
2026-03-15 04:38:51,system,41.204.11.197,BULK_TRANSFER,FAILED,Unknown,86
2026-03-25 23:23:28,system,41.204.11.197,EXPORT_DATA,FAILED,Unknown,81
2026-02-16 01:16:06,manager,41.204.11.197,BULK_TRANSFER,FAILED,Unknown,95
2026-02-03 01:11:39,admin,41.204.11.197,DELETE_LOGS,FAILED,Unknown,95
2026-02-18 01:20:52,manager,41.204.11.197,DELETE_LOGS,FAILED,Unknown,79
2026-01-19 01:57:26,system,41.204.11.197,LOGIN,FAILED,Unknown,90
2026-03-14 00:53:28,admin,41.204.11.197,DELETE_LOGS,FAILED,Unknown,82
2026-03-20 00:33:39,manager,41.204.11.197,DELETE_LOGS,FAILED,Unknown,91
2026-01-15 02:28:36,system,41.204.11.197,EXPORT_DATA,FAILED,Unknown,80
2026-02-03 00:39:29,system,41.204.11.197,LOGIN,FAILED,Unknown,87
2026-01-10 23:34:50,admin,41.204.11.197,BULK_TRANSFER,FAILED,Unknown,73
2026-01-06 02:04:44,system,41.204.11.197,BULK_TRANSFER,SUCCESS,Unknown,86
2026-02-22 00:57:06,manager,41.204.11.197,BULK_TRANSFER,SUCCESS,Unknown,76
2026-02-04 02:47:41,manager,41.204.11.197,LOGIN,FAILED,Unknown,78
2026-03-22 03:16:49,root,41.204.11.197,BULK_TRANSFER,FAILED,Unknown,82
2026-02-21 23:32:08,system,41.204.11.197,DELETE_LOGS,FAILED,Unknown,76
2026-01-22 04:50:31,root,41.204.11.197,BULK_TRANSFER,SUCCESS,Unknown,81
2026-02-09 00:35:58,admin,41.204.11.197,BULK_TRANSFER,SUCCESS,Unknown,100
2026-01-17 04:48:54,root,41.204.11.197,EXPORT_DATA,FAILED,Unknown,74
2026-01-11 23:16:25,system,41.204.11.197,BULK_TRANSFER,FAILED,Unknown,74
2026-03-23 03:54:58,manager,41.204.11.197,BULK_TRANSFER,SUCCESS,Unknown,87
2026-03-17 02:03:27,manager,41.204.11.197,BULK_TRANSFER,FAILED,Unknown,79
2026-02-14 00:36:03,system,41.204.11.197,DELETE_LOGS,FAILED,Unknown,80
2026-02-20 03:54:44,manager,41.204.11.197,DELETE_LOGS,SUCCESS,Unknown,74
2026-01-17 02:33:25,admin,41.204.11.197,BULK_TRANSFER,FAILED,Unknown,94
2026-01-04 04:21:46,root,41.204.11.197,LOGIN,FAILED,Unknown,94
2026-03-03 00:36:06,manager,41.204.11.197,LOGIN,SUCCESS,Unknown,72
2026-02-15 00:20:27,manager,41.204.11.197,DELETE_LOGS,FAILED,Unknown,80
2026-03-09 00:53:37,admin,41.204.11.197,BULK_TRANSFER,SUCCESS,Unknown,78
2026-03-04 02:29:48,admin,41.204.11.197,EXPORT_DATA,FAILED,Unknown,91
2026-01-08 02:10:26,manager,41.204.11.197,EXPORT_DATA,FAILED,Unknown,94
2026-03-01 03:08:28,manager,41.204.11.197,LOGIN,FAILED,Unknown,88
2026-02-27 02:35:28,system,41.204.11.197,DELETE_LOGS,FAILED,Unknown,93
2026-01-26 01:18:08,admin,41.204.11.197,DELETE_LOGS,FAILED,Unknown,87
2026-01-18 03:38:40,manager,41.204.11.197,DELETE_LOGS,FAILED,Unknown,77
2026-02-14 03:48:46,manager,41.204.11.197,BULK_TRANSFER,FAILED,Unknown,90
2026-02-22 23:49:05,system,41.204.11.197,LOGIN,FAILED,Unknown,70
2026-01-16 00:06:13,root,41.204.11.197,EXPORT_DATA,FAILED,Unknown,79
2026-03-08 02:16:06,root,41.204.11.197,EXPORT_DATA,FAILED,Unknown,77
2026-02-26 02:10:49,manager,41.204.11.197,BULK_TRANSFER,FAILED,Unknown,81
2026-01-07 01:21:09,root,41.204.11.197,LOGIN,SUCCESS,Unknown,72
2026-02-01 23:15:32,system,41.204.11.197,BULK_TRANSFER,SUCCESS,Unknown,100
2026-03-15 04:49:19,system,41.204.11.197,LOGIN,SUCCESS,Unknown,80
2026-02-14 01:46:16,manager,41.204.11.197,DELETE_LOGS,FAILED,Unknown,88
2026-03-06 04:39:57,root,41.204.11.197,LOGIN,FAILED,Unknown,94
2026-01-22 01:04:01,system,41.204.11.197,BULK_TRANSFER,FAILED,Unknown,95
2026-03-27 01:18:05,root,41.204.11.197,DELETE_LOGS,SUCCESS,Unknown,81
2026-01-07 01:22:45,admin,41.204.11.197,LOGIN,FAILED,Unknown,94
2026-02-06 03:23:44,root,41.204.11.197,LOGIN,FAILED,Unknown,99
2026-03-11 01:27:55,system,41.204.11.197,BULK_TRANSFER,SUCCESS,Unknown,96
2026-01-14 02:53:35,root,41.204.11.197,LOGIN,FAILED,Unknown,97
2026-02-28 02:00:43,root,41.204.11.197,LOGIN,FAILED,Unknown,89
2026-02-13 01:49:06,root,41.204.11.197,EXPORT_DATA,SUCCESS,Unknown,80
2026-02-05 04:41:00,system,41.204.11.197,EXPORT_DATA,FAILED,Unknown,73
2026-01-20 23:17:42,system,41.204.11.197,EXPORT_DATA,FAILED,Unknown,84
2026-03-23 23:41:24,manager,41.204.11.197,LOGIN,FAILED,Unknown,87
2026-01-19 01:38:24,admin,41.204.11.197,DELETE_LOGS,FAILED,Unknown,81
2026-02-26 00:59:01,admin,41.204.11.197,EXPORT_DATA,FAILED,Unknown,98
2026-03-09 00:57:23,system,41.204.11.197,BULK_TRANSFER,FAILED,Unknown,80
2026-03-15 01:41:21,system,41.204.11.197,BULK_TRANSFER,FAILED,Unknown,100
2026-01-19 02:20:13,root,41.204.11.197,DELETE_LOGS,FAILED,Unknown,90
2026-01-12 04:56:46,manager,41.204.11.197,BULK_TRANSFER,FAILED,Unknown,73
2026-01-18 01:38:51,admin,41.204.11.197,LOGIN,FAILED,Unknown,70
2026-01-22 23:06:41,root,41.204.11.197,BULK_TRANSFER,FAILED,Unknown,78
2026-01-24 01:34:11,manager,41.204.11.197,DELETE_LOGS,SUCCESS,Unknown,71
2026-01-09 00:05:19,root,41.204.11.197,DELETE_LOGS,SUCCESS,Unknown,92
2026-03-23 02:24:04,system,41.204.11.197,LOGIN,SUCCESS,Unknown,82
2026-01-20 23:25:27,system,41.204.11.197,BULK_TRANSFER,FAILED,Unknown,77
2026-03-23 00:47:57,system,41.204.11.197,BULK_TRANSFER,FAILED,Unknown,70
2026-03-24 23:27:20,root,41.204.11.197,LOGIN,FAILED,Unknown,77
2026-01-21 23:17:56,system,41.204.11.197,DELETE_LOGS,FAILED,Unknown,85
2026-02-25 01:53:23,system,41.204.11.197,BULK_TRANSFER,SUCCESS,Unknown,94
2026-03-12 04:02:02,root,41.204.11.197,DELETE_LOGS,FAILED,Unknown,97
2026-01-12 00:28:49,manager,41.204.11.197,BULK_TRANSFER,SUCCESS,Unknown,76
2026-02-09 01:00:40,manager,41.204.11.197,BULK_TRANSFER,SUCCESS,Unknown,77
2026-02-10 00:16:55,root,41.204.11.197,DELETE_LOGS,FAILED,Unknown,86
2026-03-16 00:17:50,root,41.204.11.197,BULK_TRANSFER,FAILED,Unknown,79
2026-01-03 04:43:00,manager,41.204.11.197,BULK_TRANSFER,FAILED,Unknown,81
2026-03-25 04:01:18,system,41.204.11.197,DELETE_LOGS,FAILED,Unknown,87
2026-01-28 02:23:29,root,41.204.11.197,EXPORT_DATA,FAILED,Unknown,99
2026-02-04 00:36:42,admin,41.204.11.197,EXPORT_DATA,SUCCESS,Unknown,83
2026-01-05 23:50:28,system,41.204.11.197,BULK_TRANSFER,FAILED,Unknown,88
2026-02-12 23:40:35,manager,41.204.11.197,LOGIN,FAILED,Unknown,83
2026-03-02 00:17:49,manager,41.204.11.197,DELETE_LOGS,SUCCESS,Unknown,85
2026-01-23 02:29:37,system,41.204.11.197,BULK_TRANSFER,FAILED,Unknown,82
2026-02-12 01:49:08,root,41.204.11.197,BULK_TRANSFER,FAILED,Unknown,95
2026-03-22 02:56:03,manager,41.204.11.197,BULK_TRANSFER,FAILED,Unknown,84
2026-03-14 01:25:34,admin,41.204.11.197,DELETE_LOGS,FAILED,Unknown,98
2026-02-05 03:35:30,system,41.204.11.197,BULK_TRANSFER,FAILED,Unknown,76
2026-03-04 00:40:07,admin,41.204.11.197,LOGIN,FAILED,Unknown,75
2026-02-15 00:57:03,system,41.204.11.197,LOGIN,FAILED,Unknown,100
2026-03-07 04:00:33,system,41.204.11.197,EXPORT_DATA,FAILED,Unknown,83
2026-02-19 04:54:30,manager,41.204.11.197,BULK_TRANSFER,FAILED,Unknown,75
2026-02-02 04:07:33,system,41.204.11.197,LOGIN,FAILED,Unknown,87
2026-03-19 23:32:42,admin,41.204.11.197,DELETE_LOGS,FAILED,Unknown,81
2026-02-25 02:25:46,manager,41.204.11.197,LOGIN,FAILED,Unknown,84
2026-03-28 04:46:07,system,41.204.11.197,BULK_TRANSFER,FAILED,Unknown,76
2026-02-16 23:29:17,manager,41.204.11.197,DELETE_LOGS,FAILED,Unknown,77
2026-01-22 03:55:18,root,41.204.11.197,DELETE_LOGS,FAILED,Unknown,71
2026-01-27 23:10:11,system,41.204.11.197,BULK_TRANSFER,FAILED,Unknown,90
2026-03-25 04:25:38,manager,41.204.11.197,DELETE_LOGS,FAILED,Unknown,85
2026-03-22 04:15:53,system,41.204.11.197,EXPORT_DATA,FAILED,Unknown,72
2026-02-26 02:22:33,manager,41.204.11.197,BULK_TRANSFER,SUCCESS,Unknown,93
2026-02-12 03:55:00,root,41.204.11.197,EXPORT_DATA,SUCCESS,Unknown,92
2026-01-14 00:59:27,root,41.204.11.197,EXPORT_DATA,FAILED,Unknown,85
2026-01-26 23:43:56,manager,41.204.11.197,EXPORT_DATA,FAILED,Unknown,96
2026-01-23 00:29:54,system,41.204.11.197,EXPORT_DATA,FAILED,Unknown,82
2026-03-14 02:12:57,manager,41.204.11.197,DELETE_LOGS,FAILED,Unknown,77
2026-01-24 02:49:58,system,41.204.11.197,LOGIN,FAILED,Unknown,83
2026-03-25 23:39:13,system,41.204.11.197,DELETE_LOGS,FAILED,Unknown,97
2026-03-12 23:00:13,manager,41.204.11.197,LOGIN,SUCCESS,Unknown,72
2026-01-28 03:25:52,system,41.204.11.197,LOGIN,FAILED,Unknown,71
2026-01-09 23:17:42,manager,41.204.11.197,EXPORT_DATA,FAILED,Unknown,92
2026-02-26 00:04:30,manager,41.204.11.197,LOGIN,FAILED,Unknown,85
2026-01-13 02:26:43,admin,41.204.11.197,LOGIN,FAILED,Unknown,77
2026-02-24 02:04:32,system,41.204.11.197,LOGIN,FAILED,Unknown,79
2026-02-14 01:50:06,root,41.204.11.197,DELETE_LOGS,FAILED,Unknown,91
2026-01-26 00:22:24,root,41.204.11.197,DELETE_LOGS,SUCCESS,Unknown,84
2026-03-23 23:28:10,admin,41.204.11.197,BULK_TRANSFER,FAILED,Unknown,88
2026-03-14 00:50:21,system,41.204.11.197,EXPORT_DATA,FAILED,Unknown,87
2026-03-25 02:21:19,system,41.204.11.197,BULK_TRANSFER,FAILED,Unknown,79
2026-03-13 23:57:43,system,41.204.11.197,EXPORT_DATA,SUCCESS,Unknown,90
2026-01-27 04:58:47,root,41.204.11.197,EXPORT_DATA,SUCCESS,Unknown,78
2026-02-20 01:47:05,manager,41.204.11.197,LOGIN,FAILED,Unknown,92
2026-01-04 02:40:07,manager,41.204.11.197,LOGIN,FAILED,Unknown,81
2026-02-02 03:25:07,root,41.204.11.197,DELETE_LOGS,FAILED,Unknown,93
2026-03-17 03:00:51,root,41.204.11.197,BULK_TRANSFER,FAILED,Unknown,96
2026-01-13 03:30:22,system,41.204.11.197,BULK_TRANSFER,FAILED,Unknown,88
2026-02-04 04:48:32,admin,41.204.11.197,LOGIN,SUCCESS,Unknown,94
2026-02-20 00:25:26,root,41.204.11.197,BULK_TRANSFER,FAILED,Unknown,73
2026-02-24 01:52:20,manager,41.204.11.197,LOGIN,FAILED,Unknown,87
2026-02-08 01:17:03,admin,41.204.11.197,EXPORT_DATA,FAILED,Unknown,70
2026-03-16 01:06:01,system,41.204.11.197,LOGIN,FAILED,Unknown,83
2026-01-26 02:48:31,root,41.204.11.197,BULK_TRANSFER,FAILED,Unknown,80
2026-02-10 00:40:09,admin,41.204.11.197,DELETE_LOGS,FAILED,Unknown,96
2026-01-16 03:22:46,manager,41.204.11.197,BULK_TRANSFER,SUCCESS,Unknown,100
2026-01-08 00:38:38,admin,41.204.11.197,EXPORT_DATA,SUCCESS,Unknown,76
2026-02-11 03:04:08,root,41.204.11.197,EXPORT_DATA,SUCCESS,Unknown,97
2026-02-05 00:16:46,admin,41.204.11.197,BULK_TRANSFER,FAILED,Unknown,97
2026-02-05 01:42:12,root,41.204.11.197,BULK_TRANSFER,SUCCESS,Unknown,70
2026-03-03 04:32:37,manager,41.204.11.197,EXPORT_DATA,FAILED,Unknown,78
2026-03-28 01:12:23,manager,41.204.11.197,LOGIN,FAILED,Unknown,84
2026-03-17 02:16:19,manager,41.204.11.197,DELETE_LOGS,SUCCESS,Unknown,91
2026-03-28 03:50:25,admin,41.204.11.197,DELETE_LOGS,SUCCESS,Unknown,89
2026-03-12 04:55:56,system,41.204.11.197,EXPORT_DATA,FAILED,Unknown,88
2026-01-19 03:06:14,manager,41.204.11.197,LOGIN,SUCCESS,Unknown,72
2026-01-27 04:06:49,root,41.204.11.197,BULK_TRANSFER,FAILED,Unknown,83
2026-01-10 23:56:58,root,41.204.11.197,EXPORT_DATA,FAILED,Unknown,88
2026-02-12 00:59:53,system,41.204.11.197,EXPORT_DATA,FAILED,Unknown,80
2026-03-12 00:36:10,manager,41.204.11.197,DELETE_LOGS,SUCCESS,Unknown,87
2026-01-09 04:02:16,system,41.204.11.197,EXPORT_DATA,FAILED,Unknown,95
2026-03-12 00:20:06,manager,41.204.11.197,DELETE_LOGS,FAILED,Unknown,79
2026-01-14 04:08:59,admin,41.204.11.197,LOGIN,FAILED,Unknown,80
2026-02-10 02:25:45,manager,41.204.11.197,LOGIN,FAILED,Unknown,82
2026-03-15 03:45:09,admin,41.204.11.197,DELETE_LOGS,FAILED,Unknown,86
2026-02-16 23:36:42,system,41.204.11.197,EXPORT_DATA,FAILED,Unknown,80
2026-01-04 23:29:06,manager,41.204.11.197,DELETE_LOGS,SUCCESS,Unknown,88
2026-02-19 04:06:33,admin,41.204.11.197,DELETE_LOGS,FAILED,Unknown,88
2026-01-01 01:12:17,system,41.204.11.197,EXPORT_DATA,FAILED,Unknown,74
2026-01-04 00:25:46,root,41.204.11.197,EXPORT_DATA,SUCCESS,Unknown,94
2026-01-16 04:45:00,root,41.204.11.197,BULK_TRANSFER,FAILED,Unknown,100
2026-02-12 02:51:56,manager,41.204.11.197,EXPORT_DATA,SUCCESS,Unknown,80
2026-01-27 00:57:34,root,41.204.11.197,BULK_TRANSFER,FAILED,Unknown,100
2026-01-16 01:42:17,manager,41.204.11.197,BULK_TRANSFER,FAILED,Unknown,87
2026-03-21 23:54:51,manager,41.204.11.197,LOGIN,FAILED,Unknown,88
2026-01-03 04:23:48,admin,41.204.11.197,EXPORT_DATA,FAILED,Unknown,78
2026-02-24 23:13:25,admin,41.204.11.197,BULK_TRANSFER,FAILED,Unknown,78
2026-01-08 01:25:08,manager,41.204.11.197,EXPORT_DATA,FAILED,Unknown,87
2026-03-04 04:13:45,manager,41.204.11.197,DELETE_LOGS,FAILED,Unknown,78
2026-01-09 04:11:29,root,41.204.11.197,EXPORT_DATA,SUCCESS,Unknown,71
2026-02-16 04:38:25,root,41.204.11.197,EXPORT_DATA,FAILED,Unknown,85
2026-03-20 23:21:09,manager,41.204.11.197,LOGIN,FAILED,Unknown,79
2026-01-05 01:01:01,system,41.204.11.197,DELETE_LOGS,FAILED,Unknown,91
2026-01-02 01:39:32,system,41.204.11.197,BULK_TRANSFER,SUCCESS,Unknown,89
2026-03-26 00:22:35,root,41.204.11.197,LOGIN,FAILED,Unknown,72
2026-03-18 23:43:00,system,41.204.11.197,LOGIN,SUCCESS,Unknown,97
2026-02-17 01:38:18,manager,41.204.11.197,DELETE_LOGS,FAILED,Unknown,82
2026-02-28 02:16:22,root,41.204.11.197,DELETE_LOGS,SUCCESS,Unknown,84
2026-02-19 23:58:40,admin,41.204.11.197,DELETE_LOGS,FAILED,Unknown,98
2026-03-28 00:13:12,system,41.204.11.197,BULK_TRANSFER,SUCCESS,Unknown,94
2026-02-02 03:27:02,root,41.204.11.197,BULK_TRANSFER,SUCCESS,Unknown,72
2026-02-12 01:03:11,admin,41.204.11.197,LOGIN,FAILED,Unknown,98
2026-01-10 04:05:01,admin,41.204.11.197,BULK_TRANSFER,SUCCESS,Unknown,84
2026-03-19 01:04:20,root,41.204.11.197,LOGIN,SUCCESS,Unknown,92
2026-02-18 23:40:22,system,41.204.11.197,LOGIN,FAILED,Unknown,84
2026-01-17 04:58:50,admin,41.204.11.197,EXPORT_DATA,FAILED,Unknown,97
2026-03-03 00:07:48,admin,41.204.11.197,EXPORT_DATA,FAILED,Unknown,73
2026-01-01 02:01:22,root,41.204.11.197,LOGIN,FAILED,Unknown,72
